title,title_en,general_field,authors,source,path
درجة اكتساب طلبة كلية التربية بجامعة السلطان قابوس لمهارات البحث الإجرائي وصعوبات تنفيذه من خلال إعدادهم لمشروع التخرج.,The Level of Acquisition of Action Research Skills and Difficulties in its preperarions Through Graduation Project Among College of Education Students at Sultan Qaboos University,,"[""نور النجار""]",AJP,finalpdfs/AJP_1337_1.pdf
القيادة الاستباقية وعلاقتها بإدارة مخاطر البيئة المدرسية لدى مديري مدارس الرمثا.,Proactive Leadership and its Relationship to School Environment Risk Management among Ramtha School Principals,,"[""لانا عبد المولى العنزي"", ""محمد عبود الحراحشة""]",AJP,finalpdfs/AJP_1338_2.pdf
درجة ممارسة معلمي اللغة العربية لمهارات التذوق الجمالي في أثناء تدريس النصوص الشعرية من وجهة نظرهم.,The Degree to Which Arabic Language Teachers Practice Aesthetic Appreciation Skills While Teaching Poetic Texts: A Perspective from the Teachers Themselves,,"[""أمل مد الله الشعراء""]",AJP,finalpdfs/AJP_1339_3.pdf
تحليل محتوى منهاج الرياضيات للصف الثامن من مرحلة التعليم الأساسي في سورية في ضوء معايير التمثيل الرياضي.,Analysis of the content of the mathematics curriculum for the eighth grade of basic education in Syria in the light of mathematical representation standards,,"[""ريتا سعيد""]",AJP,finalpdfs/AJP_1340_4.pdf
تصميم تعليمي وفق التعلم الخبراتي وأثره في التحصيل وكفاءه التعلم والذكاء الإبداعي في مادة الرياضيات عند طلبة المرحلة الاعدادية .,"Educational design based on experiential learning and its impact on achievement, learning efficiency, and creative intelligence in mathematics for middle school students",,"[""سلوى محسن العامري""]",AJP,finalpdfs/AJP_1341_5.pdf
مُستوى مَعرِفة معلِّمي الدراساتِ الاجتماعيّة للتعليم ما بعد الأساسي في سَلطنة عُمان بالأوبئة.,The level of knowledge of social studies teachers in post-basic education schools in the Sultanate of Oman about epidemics,,"[""رحمة علي البدوي"", ""سيف ناصر المعمري""]",AJP,finalpdfs/AJP_1342_6.pdf
العولمة السیاسیة والسیاسة التعلیمیة,,,"[""فيصل الراوي طايع""]",AJP,finalpdfs/AJP_1023_7.pdf
فاعلیة برنامج إرشادی فی تنمیة المسئولیة الاجتماعیة وتعزیز قیم المواطنة لدى طلاب الجامعة,,,"[""أحمد علي طلب""]",AJP,finalpdfs/AJP_1024_8.pdf
فاعلیة برنامج إرشادی قائم على العلاج المتمرکز حول العمیل فی تحسین مفهوم الذات لدى الأحداث الجانحین بدار الملاحظة الاجتماعیة بجازان,,,"[""أحمد بن موسى حنتول""]",AJP,finalpdfs/AJP_1025_9.pdf
دور جامعة الفیوم فى تحقیق متطلبات مجتمع المعرفة من وجهة نظر بعض الخبراء,,,"[""ثنــاء هاشـم محمد""]",AJP,finalpdfs/AJP_1026_10.pdf
أثر التعلیم الإلکترونی على تنمیة المهارات التدریسیة لدى طلبة کلیة التربیة الأساسیة فی دولة الکویت,,,"[""حامــد سعيـد الجبـر""]",AJP,finalpdfs/AJP_1027_11.pdf
درجة ممارسة سلوک المواطنة التنظیمیة لدى قائدات مدارس التعلیم العام الحکومیة فی مدینة الریاض,,,"[""صالحـة حنــس خلـف""]",AJP,finalpdfs/AJP_1028_12.pdf
متطلبات تکنولوجیا المعلومات لتحقیق الرشاقة الاستراتیجیة بالجامعات المصریة.,,,"[""عنتر محمد أحمد""]",AJP,finalpdfs/AJP_1029_13.pdf
فاعلیة استخدام التقویم التکوینی فی تحسین مستوى التحصیل الدراسی لمقرر مهارات التفکیر والبحث العلمی لدى طلاب کلیة إدارة الأعمال بجامعة شقراء,,,"[""عيسـى بن فـرج العزيزي""]",AJP,finalpdfs/AJP_1030_14.pdf
برنامج تعلیمی مقترح قائم على التعلم المستند إلى الدماغ فی اکتساب المفاهیم العلمیة لمادة العلوم والقدرة على حل المشکلات لتلامیذ الصف السابع من التعلیم الأساسی,,,"[""منى مصطفى كمال محمد""]",AJP,finalpdfs/AJP_1031_15.pdf
نموذج بنائی للقدرة على حل المشکلات فی ضوء بعض المکونات المعرفیة والدافعیة لدى طالبات الجامعة,,,"[""هشام محمد الخولي""]",AJP,finalpdfs/AJP_1032_16.pdf
استراتیجیة مقترحة لتفعیل دور التعلم التنظیمی فی تحقیق المیزة التنافسیة لجامعة أسوان,,,"[""حنـان البـدري كمـال""]",AJP,finalpdfs/AJP_1033_17.pdf
الفروق فی السلوک التوکیدی بین المعتمدین وغیر المعتمدین علی المواد النفسیة,,,"[""هبه إبراهيم""]",AJP,finalpdfs/AJP_1034_18.pdf
فاعلیة برنامج اثرائی قائم على الأنشطة الریاضیة فی تنمیة مکونات الحس العددی لدى طلاب الصف الأول المتوسط,,,"[""عبيد مزعل عبيد الحربي""]",AJP,finalpdfs/AJP_1035_19.pdf
توظیف بعض تطبیقات الجوال فی التدریب عن بعد لتنمیة مهارات استخدام مواقع البث المباشر فی التدریس لدى أعضاء هیئة التدریس,,,"[""محمد محمود عبدالوهاب""]",AJP,finalpdfs/AJP_1036_20.pdf
أخلاقيات الذكاء الاصطناعي: التعامل مع المعضلات الأخلاقية للذكاء الاصطناعي,The Ethics of AI: Navigating the Moral Dilemmas of Artificial Intelligence,,"[""Fayyad Muhammad Hani Bayan""]",AJSP,finalpdfs/The Ethics of AI Navigating the Moral Dilemmas of Artificial Intelligence Revised_1.pdf
دور التدريب على تكنولوجيا الإعلام الجديد في تعزيز احترافية الصحفيين الاستقصائيين العرب,The Role of Training on New Media Technology in Boosting Arab Investigative Journalists’ professionalism,,"[""Khalil Almabrouk1 & *Hamedi Adnan,2""]",AJSP,finalpdfs/The Role of Training on New Media Technology in Boosting Arab Investigative Journalists’ professionalism_2.pdf
"""أثر التغيير التنظيمي على ضوء رؤية المملكة 2030 على جودة الحياة الوظيفية: دراسة ميدانية على موظفي فرع وزارة الموارد البشرية والتنمية الاجتماعية بمنطقة المدينة المنورة""",“The impact of organizational change in light of the Kingdom’s Vision 2030 on the quality of work life: a field study on employees of the branch of the Ministry of Human Resources and Social Development in the Medina region.”,,"[""عبد الله بن حميد بن محارب الجهني/د. علي عمر عبدالله جفري""]",AJSP,finalpdfs/أثر التغيير التنظيمي على ضوء رؤية المملكة 2030 على جودة الحياة الوظيفية_3.pdf
"""العوامل التي تسهم في نشوب حرائق الغابات وآثارها -منطقة عسير انموذجاً""",“Factors that contribute to the outbreak of forest fires and their effects - the Asir region as an example”,,"[""علا على آل عسوج""]",AJSP,finalpdfs/العوامل التي تسهم في نشوب حرائق الغابات وآثارها -منطقة عسير انموذجاً_4.pdf
"""المشكلات السلوكية لدى طلبة ذوي صعوبات التعلم المحددة في المدارس الاساسية داخل القدس من وجهة نظر المعلمين""",“Behavioral problems among students with specific learning difficulties in basic schools in Jerusalem from the point of view of teachers”,,"[""أ‌./tنفيسة سعيدة""]",AJSP,finalpdfs/المشكلات السلوكية لدى طلبة ذوي صعوبات التعلم المحددة في المدارس الاساسية داخل القدس من وجهة نظر المعلمين_5.pdf
"""أهميّة تعليم المجاز لمتعلمي العربية من غير الناطقين بها""","""The importance of teaching metaphor to non-native Arabic learners""",,"[""د. ديمة إبراهيم نوارة""]",AJSP,finalpdfs/أهميّة تعليم المجاز لمتعلمي العربية من غير الناطقين بها_6.pdf
"""جريمة الإستغلال الإقتصادي للطفل في النظام السعودي""",“The crime of economic exploitation of children in the Saudi system”,,"[""منال حضيض الشاطري""]",AJSP,finalpdfs/جريمة الإستغلال الإقتصادي للطفل في النظام السعودي_7.pdf
"""ظاهرة العنف ضد المسنين وإتجاهات المجتمع السعودي نحوها""",“The phenomenon of violence against the elderly and Saudi society’s attitudes towards it”,,"[""هاجر بنت فارس الشهري/أنفال بنت مسعود القحطاني/د. آمال فلمبان""]",AJSP,finalpdfs/ظاهرة العنف ضد المسنين وإتجاهات المجتمع السعودي نحوها_8.pdf
"""مدى ملائمة مدارس دولة الكويت من حيث التصميم المعماري لتلبية إحتياجات ذوي الإعاقة""",“The suitability of schools in the State of Kuwait in terms of architectural design to meet the needs of people with disabilities”,,"[""د. يوسف محمود شاكر الشطي""]",AJSP,finalpdfs/مدى ملائمة مدارس دولة الكويت من حيث التصميم المعماري لتلبية إحتياجات ذوي الإعاقة_10.pdf
"""الإنفاق الحكومي على القطاع الصحي وأثره على النمو الاقتصادي في المملكة العربية السعودية (2000-2020م)""",“Government spending on the health sector and its impact on economic growth in the Kingdom of Saudi Arabia (2000-2020 AD)”,,"[""هلا العتيبي""]",AJSP,finalpdfs/الإنفاق الحكومي على القطاع الصحي وأثره على النمو الاقتصادي في المملكة العربية السعودية _11.pdf
"""دور إنتاج الطاقة المتجددة في تحقيق التنمية المستدامة دراسة تطبيقية على شركة الكهرباء السعودية""","“The role of renewable energy production in achieving sustainable development, an applied study on the Saudi Electricity Company”",,"[""صالح خلف العنزي/رهام مساعد الجارالله/عبد المجيد علي الفريدي""]",AJSP,finalpdfs/دور إنتاج الطاقة المتجددة في تحقيق التنمية المستدامة دراسة تطبيقية على شركة الكهرباء السعودية_12.pdf
,The Role of Digital Transformation in Improving Medical Center Management Efficiency Primary Healthcare Centers in Northern Syria as a Model,,"[""Hussam Ahmad Hlaak"", ""Ali Alhousain Aleid"", ""Attia Al-Huseyin""]",ajsrp,finalpdfs/9159-8054.pdf
,U.S. Interests in the Middle East and the Tools for Their Protection,,"[""Tarek Jarjoura Chahine""]",ajsrp,finalpdfs/9160-8051.pdf
,A New Paradigm of Institutional SouthSouth Cooperation Arab Strategies in the South Pacific and Their Impact on Global Governance,,"[""AI Hexu""]",ajsrp,finalpdfs/9161-8053.pdf
,Evaluation of Student Achievement Levels A Framework for Advancing Academic Outcomes,,"[""Amera Eid Alsaadi""]",ajsrp,finalpdfs/9162-8055.pdf
,The Expected Economic Impacts of Sudan's Accession to the WTO The Case of the Banking Sector 1970-2008,,"[""Abubakr Eltigani Elhag""]",ajsrp,finalpdfs/9163-8052.pdf
,The image of the General Entertainment Authority among a sample of male and female students at King Abdulaziz University,,"[""Rahaf Hmeed Alotaibi"", ""Fatima kobibi Bendenia""]",ajsrp,finalpdfs/8945-7864.pdf
,Aesthetic Modernity and Its Dilemmas Art between the Demand for Independence and the bet of Penetrating Public Space,,"[""Ahmed Chebli""]",ajsrp,finalpdfs/8946-8144.pdf
,Social and Cultural Barriers to the Empowerment of Yemeni Women in Public Employment (An Analytical Field Study),,"[""Fatima Ali Abdullah Abbas""]",ajsrp,finalpdfs/8947-7867.pdf
,The pragmatic dimension of pronunciation in The Maqamat of Badi Al-Zaman Al-Hamdhani - the Maqamat Al-Harziyya as an example,,"[""Alia Ali Saeed Alketbi"", ""Muhammad Hilmi Abdullah Jaafar""]",ajsrp,finalpdfs/8948-7868.pdf
,The role of the media in spreading digital awareness among members of society in the Kingdom of Saudi Arabia,,"[""Faris Omar Batawi"", ""Doaa Hassan Toweirqie""]",ajsrp,finalpdfs/8949-7865.pdf
,"The Role of Modern Information Technologies in Promoting Scientific Research in Saudi Universities Challenges, Requirements, and Future Opportunities",,"[""Ashwaq Abdulhakeem Alsabaan""]",ajsrp,finalpdfs/8706-7654.pdf
,The Impact of Virtual Reality Technologies in Digital Media on Audience Experience  An Applied Study on Real Estate Events in The Kingdom of Saudi Arabia During the Year 2025,,"[""Sara Saad Al-Dawsari"", ""Sadiq Ali Mubarak Al-Shuwaikhat""]",ajsrp,finalpdfs/8708-7655.pdf
,The Implications of Polygamy on the Demographic Reality in Palestinian Society and the Stance of Israeli Civil Laws Towards It,,"[""Samy Garad Abu Freach""]",ajsrp,finalpdfs/8710-7656.pdf
,"Translation is a cultural and human civilizational manifestation, and technical skills  for the rapprochement of peoples and nations",,"[""Jehad Faiz Al-Islam""]",ajsrp,finalpdfs/8714-7658.pdf
,MATLAB Implementation of Effects of Fifth Generation on Free Space,,"[""Rayan Abdelazeem Haboub"", ""Khalid Hamid Bilal""]",ajsrp,finalpdfs/8716-7659.pdf
,The Use of Generative Artificial Intelligence in Graduate Studies Research A Case Study,,"[""Turki Mohammed Habkoor Almoharraq""]",ajsrp,finalpdfs/8314-7482.pdf
,The problem of complexity and Consistency in the intelligence cycle A critique of the effects of structural and dynamic interactions on intelligence efficiency,,"[""Mohamed Elzin Mohamed Ahmed Ibrahim""]",ajsrp,finalpdfs/8316-7483.pdf
,Evaluation of the Governance of the National Initiative for Human Development and Its Impact on Territorial Development in Morocco's Eastern Rif from 2005 to 2024 A Case Study of the Oulad Zbair and Beni Frassen Communities,,"[""Mohamed El-Fazziki"", ""Fatima Ghmimed"", ""Jawad El-Bazwi"", ""Abdelouahed Bouberria""]",ajsrp,finalpdfs/8318-7484.pdf
,"The Big Five factors of personality model A study of history, evolution, and areas of application in the digital context",,"[""Reda El-Yazidi""]",ajsrp,finalpdfs/8320-7485.pdf
,Draft proposal to facilitate the receipt and kissing of black stone for pilgrims and worshipers,,"[""Mohamed Hanafy Abdullah Morsy""]",ajsrp,finalpdfs/8322-7486.pdf
,"Economical relations between The Extremity Maghreb and Western Sudan during The Eighth Century AH, Fourteenth century AD",,"[""Assadik Ahmad Adam"", ""Mahamat Saleh Daway""]",ajsrp,finalpdfs/8324-7487.pdf
,The future roles of school principals in light of the trend towards a knowledge society,,"[""Rimah Mudawi Mansour""]",ajsrp,finalpdfs/7997-7271.pdf
,The tracking of the development and spread of Covid 19 pandemic in the territory of the Taza Province / Morocco,,"[""Abdelouahed Bouberria"", ""Abdelhafid Hammimi"", ""Mohammed Abahrour"", ""Mohammed Errafik""]",ajsrp,finalpdfs/7999-7334.pdf
,The Impact of Advertising Campaigns on Consumers Purchasing Decision in Delivery Application A Field Study on Grocery Delivery App in Saudi Arabia,,"[""Wasaef Ali Bakhashwain"", ""Lara Zainalabdien Serri"", ""Mohamed GadElmawla Owies""]",ajsrp,finalpdfs/8001-7338.pdf
,"The Relation of Governance Principles with Job Satisfaction with the Employees of the Ministry of Education, Sultanate of Oman",,"[""Mouza Said Al-Kharusi""]",ajsrp,finalpdfs/8003-7336.pdf
,The emergence of modern intellectual Currents The Aqeeqah feast between the permissible and the forbidden in northern Togo Cinkasse,,"[""Ibrahim Youssif""]",ajsrp,finalpdfs/8005-7337.pdf
,The field of intelligence study in academic institutions A comparative analytical study of American and British intelligence studies,,"[""Mohamed Elzin Mohamed Ahmed Ibrahim""]",ajsrp,finalpdfs/7677-7123.pdf
,The effectiveness of the Madrasati platform according to the Needham constructivist model  in increasing achievement of second-year intermediate female students in the TIMSS tests  (algebra field) and the teachers point of view,,"[""Mariam Farhan Alfifi"", ""Ghada Owaid Awad Al-Sahli""]",ajsrp,finalpdfs/7679-7128.pdf
,Social support programs its effects on girls schooling and reducing dropping out of school in the northeast middle Atlas  Morocco,,"[""Abdelilah El-Alami"", ""Jaouad El-Bazoui"", ""Abdelouahed Bouberria""]",ajsrp,finalpdfs/7683-7127.pdf
,The growing influence of China in the Middle East and its implications for US relations,,"[""Khaldoun Abdul Samad""]",ajsrp,finalpdfs/7685-7126.pdf
,"Balfour's Legacy Britain, Zionism, and the Controversial Path to Israel's Establishment",,"[""Ali Mohammed Qader""]",ajsrp,finalpdfs/7687-7125.pdf
,The Impact of Organizational Citizenship on Job Performance of Employees in the Private Automotive Sector in Saudi Arabia in the light of 2030s vision,,"[""Ahmed Farouk Ali"", ""Elsayed Eid"", ""Heba Alhadad""]",ajsrp,finalpdfs/7689-7124.pdf
,"Suicide causes, motives, methods of prevention and treatment",,"[""Inaam Eid Mohammad Zaatrh"", ""Iyad Selim AbdulRazzaq Alhallaq""]",ajsrp,finalpdfs/7359-6933.pdf
,"The role of the ruling elites in exacerbating ethnic, denominational discrimination and its Impact on the emergence of social movement in the second wave of the Arab Spring in Sudan",,"[""Farida Ezzaghari""]",ajsrp,finalpdfs/7360-6934.pdf
,The quantitative assessment of water erosion in the southeast of Central Rif  Morocco,,"[""Mohamed Senhaji"", ""Mohamed Abahrour"", ""Mostafa Hmamouchi"", ""Younes Abahrour""]",ajsrp,finalpdfs/7361-6935.pdf
,"Generalization of the Fibonacci sequence, Pascal's triangle, and the binomial theorem",,"[""Mohammed Elsmani Abdelrahman""]",ajsrp,finalpdfs/7362-6936.pdf
,Related Strategies and Practices of News Institutions in Dealing with News Text Addressing Issues of Islamists (Study Case BBC World and Al-Arabiya 2022),,"[""Hind Saad Alrashid""]",ajsrp,finalpdfs/7363-6937.pdf
,"The reasons for intellectual differences from the perspective of Islamic law, and the role of Saudi universities in confronting them",,"[""Sekina Mohamed Mohamed Abd El Halim"", ""Amal Abdelaziz Mohamed Ghazy""]",ajsrp,finalpdfs/7136-6728.pdf
,Semiotics of the Saudi heritage in the light of contemporary technology,,"[""Manal Eid Sanusi Abjabal"", ""Foton Fouad Abdulkadir Fayoumi""]",ajsrp,finalpdfs/7137-6729.pdf
,The effects of the Corona pandemic on the current and future situation of organizing and holding events and occasions a field study on the General Entertainment Authority in Kingdom of Saudi Arabia,,"[""Rayan AbdulAziz Iraqi"", ""Shaheen Sulaiman Al-Abdali"", ""Mansour Talal Abid Alansari""]",ajsrp,finalpdfs/7138-6730.pdf
,Spatial analysis of residential land prices in Jeddah city,,"[""Shaker Abdullah Alsharif""]",ajsrp,finalpdfs/7139-6731.pdf
,Palestinian Scientific Research from the Perspective of Master's Students Exploring Reality and Aspirations,,"[""Osama Matar"", ""Reem Jawabreh"", ""Haya Radwan"", ""Abedelrahman Alhajhamad"", ""Mohammad Ayyash"", ""Sherin Kaleef"", ""Thaher Gharabeh"", ""Ashraf Abualrob"", ""Aseel Halabi"", ""Diya Abu Shomer""]",ajsrp,finalpdfs/7140-6732.pdf
,Piecewise Linear Discontinuous Petrov Galerkin Method for Time Fractional Diffusion Equations,,"[""Basheer Saleh Abdallah""]",ajsrp,finalpdfs/7142-6733.pdf
,An analysis of political speeches on racism by president Donald Trump during his presidency,,"[""Brooj Nasser Abdullah Alsaqer""]",ajsrp,finalpdfs/6845-6455.pdf
,"Reality and challenges of the work environment of Agricultural Engineers working in the private and non-governmental sectors in the West Bank, Palestine considering some variables",,"[""Salem Khalil Nassr"", ""Doaa Zayed""]",ajsrp,finalpdfs/6843-6453.pdf
,Mohamed Ali Al-Tajer and His Book Aqd al-Laal fi Tarikh Awal A Critical reading of its content in the history of Bahrain,,"[""Khalid Ismail Nayif Al-Hamadani""]",ajsrp,finalpdfs/6841-6451.pdf
,Images of Arabs and Islam in Burtons Pilgrimage to Al-Madinah and Meccah,,"[""Abdulkarim Mohammad Alseadoon"", ""Geoffrey Nash""]",ajsrp,finalpdfs/6846-6456.pdf
,The motives of the Sudanese citizen's use of YouTube and the gratifications achieved from it sample of citizens of Khartoum State for the year 2023,,"[""Badereldin Ali Hamed Mohammed""]",ajsrp,finalpdfs/6844-6454.pdf
,The ideal theory in Platos Philosophy and its relevance to man and the universe,,"[""Nadha Mutlaq ALbogami""]",ajsrp,finalpdfs/6842-6452.pdf
,The Translation of Yemeni Arabic legal documents into English Problems and Suggestions,,"[""Hakima Mansour Ahmed Khoshafah""]",ajsrp,finalpdfs/6847-6457.pdf
,The extent of the legitimacy of Arab peace treaties with the Zionist enemy entity in Islamic law and man-made legislation,,"[""Hameed Aadm Ali Qushaimh""]",ajsrp,finalpdfs/6518-6166.pdf
,"The effectiveness of an educational unit to develop students' skills in designing fashion shows using virtual reality and its impact on electronic shopping in Asir region, Saudi Arabia",,"[""Randa Mounir Elkherbaway"", ""Samar Ahmed Kanona"", ""Ngawha Kamel Bosiala""]",ajsrp,finalpdfs/6519-6167.pdf
,Introducing innovative designs for horse riding clothing for women in the Kingdom of Saudi Arabia,,"[""Abrar Hashim Alattas"", ""Hana Abdullah Alamodi""]",ajsrp,finalpdfs/6520-6168.pdf
,From natural translation to translation competence Pedagogical implications,,"[""Habiba Nakhli""]",ajsrp,finalpdfs/6521-6169.pdf
,E-Marketing of Information Services in Yemeni Private University Libraries in Sana'a City,,"[""Samar Gamal Al-Habbari""]",ajsrp,finalpdfs/6522-6170.pdf
,Towards a national ecosystem to create scientists and sovereign knowledge,,"[""Bandar Abdullah Al-Saud"", ""Abdulhamid Abdurahman Al-Abduljabbar""]",ajsrp,finalpdfs/6191-5886.pdf
,Manifestations of religious dialogue between Muslims and Jews Secular Jews as a model,,"[""Maha Dahawi Al-Shamari""]",ajsrp,finalpdfs/6193-5887.pdf
,A study on the Chinese translation Strategies of Arabic Proverbs  from the Perspective of Cultural Translation,,"[""Yuan Linxian""]",ajsrp,finalpdfs/6194-5888.pdf
,A pragmatic Analysis of the Interrogative Illocutionary Acts with Reference  to Arabic Text of Surah As- Saffat in the Holy Qurn,,"[""Adel Ahmed Abdullah Al-Mekhlafy"", ""Abdusalam Mohammed Ghaleb Al-Ghrafy""]",ajsrp,finalpdfs/6333-6026.pdf
,Analysing the Power of Language in a Political Text,,"[""Suhair Adel Abdulamir""]",ajsrp,finalpdfs/6334-6027.pdf
,Application of Abaoub- Shkheam Transform for Solving Linear Partial Integro  Differential Equations,,"[""Suad Mawloud Zali""]",ajsrp,finalpdfs/6335-6028.pdf
,Constrained Probabilistic multi-source Continuous Review Inventory Model with Dagum and Kumaraswamy-Dagum distributions,,"[""Hala Ali Fergany"", ""Amani Saeed Alghamdi"", ""Amsha Zayed Almutairi""]",ajsrp,finalpdfs/6336-6029.pdf
,Quality of pharmaceutical care service on patient satisfaction  in the government health sector in the Kingdom of Saudi Arabia,,"[""Muhammad Saud Al-Khathlan"", ""Turki Abdel Aziz Al-Turki"", ""Anwar Ibrahim Al-Afnan"", ""Bandar Abdullah Al-Zoghaibi"", ""AbdulRahman Zabin Al-Mutairi"", ""Ibrahim Mohamed Bagader"", ""Raghad AbdelKarim Abdo"", ""Safia Mohammed Al-Dosari"", ""Abdullah Zabin Al-Mutairi"", ""Wafaa Daoud Al-Jareed"", ""Youssef Saleh Al-Haidan""]",ajsrp,finalpdfs/5945-5669.pdf
,"The effect of social networks on forming a mental image of European countries Britain, Sweden, Norway according to a sample of Saudi youth",,"[""Mohammed Ahmad Asiri""]",ajsrp,finalpdfs/5946-5670.pdf
,"Language as a part of the culture and civilization of the peoples of the world Human origin language, evolution, and theories",,"[""Jehad Feyzolaslam""]",ajsrp,finalpdfs/5947-5671.pdf
,The Establishment of the Idrisid State in Al-Maghrib Al-Aqsa (Morocco) (172-375 AH / 788-985 AD),,"[""Amal Mohamed Toheri""]",ajsrp,finalpdfs/5948-5672.pdf
,Walid Jumbaltt's position on AlJabel war 1982-1984,,"[""Fathi Abbas Khalaf"", ""Heba Muwafak Younis AlRawas""]",ajsrp,finalpdfs/5949-5673.pdf
,The development of love literature and Adoring in medieval culture Arabic classical,,"[""Mahmoud Jamal Rayyan""]",ajsrp,finalpdfs/5950-5674.pdf
,Rationalized Haar Series for Approach Homogeneous and Non-Homogeneous State Equations,,"[""Khalid Hadi Hameed Al-Jourany""]",ajsrp,finalpdfs/5951-5676.pdf
,A Critical and Textual Discourse Analysis of Beauty Product Advertisements,,"[""Mahasin Abdulqadir Hasan""]",ajsrp,finalpdfs/5952-5675.pdf
,The two-state solution from the point of view of the Israeli right,,"[""Mohammed Asaad Diab Ewaiwi""]",ajsrp,finalpdfs/5692-5424.pdf
,The Effectiveness of a Group Counseling Program Based on the Elective Theory in Reducing Emotional Regulation Problems and Among Mothers of Adolescents in Jordan,,"[""Manal Naji Khaleel""]",ajsrp,finalpdfs/5693-5425.pdf
,Comparison of ARDL Model and NARDL Model A standard Study by application on The Factors Affecting the Rate of Sudanese Economic Growth for the period (1990-2020),,"[""Imtithal Mergny Mohammed Ahmed"", ""Afra Hashim Abdelateef""]",ajsrp,finalpdfs/5694-5426.pdf
,"The structure of the scientific perception of the world, sanctification  for knowledge or secularization of it",,"[""Sabah Kara""]",ajsrp,finalpdfs/5695-5427.pdf
,Corpus Linguistics Definition and areas of use,,"[""Ali Gharamah Alshehri""]",ajsrp,finalpdfs/5696-5428.pdf
,"The relationship of the representative of the Levant, Nakz Al-  Husami, with the Mamluk Sultan Al-Nasir Muhammad bin Qalawun (712-  740 AH/ 1312-  1339/1340 AD)",,"[""AbdulJabbar Ahmed Al-Amlah""]",ajsrp,finalpdfs/5697-5429.pdf
,Teaching Mathematics with a Dual Analysis and Synthesis Strategy and its effect in developing Scientific Inquiry Skills among Secondary Stage Students in the State of Kuwait,,"[""Mshari Matar Alshamari"", ""Abdullah Salem Alzou’bi""]",ajsrp,finalpdfs/5365-5108.pdf
,Jurisprudence Conditioning of Defense Law No (13) of 1992 in the Hashemite Kingdom of Jordan,,"[""Iman Madallah Althbeitat Alamro""]",ajsrp,finalpdfs/5366-5109.pdf
,Integration of Geographic Information System (GIS) and Analytical Hierarchical Process (AHP) for Dams site selection in Wadi Numan watershed in the Holy City of Mecca,,"[""Oula Ali Hakeem"", ""Sarra Al-Habib Ouerghi""]",ajsrp,finalpdfs/5367-5110.pdf
,The Impact of Teaching Reading Texts Using Reigiluth Elaboration Model in Linguistic Patterns Acquisition and Learning Retention among Third Basic Grade Students in Jordan,,"[""Ahmed Ali Al-Abed Al-Azeez"", ""Yaseen Ali Al-Maqosi""]",ajsrp,finalpdfs/5369-5112.pdf
,The Relationship of The Sultanate of Dar Ouadda with The Ottoman Empire,,"[""Assadik Ahmad Adam""]",ajsrp,finalpdfs/5370-5113.pdf
,"Approximation of functions in Lipschitz class with Muckenhoupt Weights Lip (,p,w) Using Matrix Operator",,"[""Omar Mahmoud Nattouf"", ""Mohammad Mahmoud Amer""]",ajsrp,finalpdfs/5371-5114.pdf
,A Study about One Representation of the Hamiltonian Complex finite dimensional Lie Algebra,,"[""Nader Mahmoud Taffach""]",ajsrp,finalpdfs/5372-5115.pdf
,Building of the Simile in Dariat Abi Alaa Al Marie,,"[""Haneen Shaker Al- Sharif""]",ajsrp,finalpdfs/4809-4580.pdf
,Calligraphy Its historical roots and its philosophical and aesthetic impact,,"[""Saad Jihad ATTIYA""]",ajsrp,finalpdfs/4810-4581.pdf
,The Infinitesimal Holomorphically Projective Deformations of Special Parabolically Kahlerian Spaces,,"[""Namer Hasan Ebou""]",ajsrp,finalpdfs/4811-4582.pdf
,Fuzzy Ideals of Pre A Algebras Pre A,,"[""Sahar Faisal Al-haj Rabye, Haytham Arabi""]",ajsrp,finalpdfs/4812-4583.pdf
,Almost Sure Convergence of The kNN Regression Estimate under Mixing condition K,,"[""Dema Ahmad Al-shakh, Mohamed Deribati, Ahmad Younso""]",ajsrp,finalpdfs/4813-4584.pdf
,The use of modern television technology and its impact on increasing viewing of news programs on Jordanian television from the perspective of employees and technicians working in the news programs,,"[""Malik Rehab Al- Azza, Ezzat Moh’d Hijab""]",ajsrp,finalpdfs/4411-4344.pdf
,The effect of encounter in the experimental novel A stylistic study in Jamal Al Ghitanis Tajalliyat novel,,"[""Bassam Khaled Al- Shawi, Zainab Walid Hayek""]",ajsrp,finalpdfs/4412-4169.pdf
,Readings in spatial patterns in space of Bibi Fatima and the Kings sons novel By Sheikh Dr Sultan bin Mohammed Al Qasimi,,"[""Najeya Ali Rashid Alkharji""]",ajsrp,finalpdfs/4413-4170.pdf
,Statistical estimates bias for data with missing values Nonresponse study,,"[""Hadeel Mohammad Darwish, Muhammad Mazyad Drybati, Mounzer Hasan Boubou""]",ajsrp,finalpdfs/4414-4171.pdf
,Proverbs of the Arabs and their impact on preference in the interpretation of AlNisaburi A comparative descriptive study,,"[""Rana M.Salah Eddin Mousa, Ali Muhammed Asa'ad""]",ajsrp,finalpdfs/4415-4172.pdf
,The motives of Palestinian journalists reluctance to practice investigative journalism,,"[""Omar Issa Fatafta""]",ajsrp,finalpdfs/4416-4173.pdf
,Abi Ali AlFarisis jurisprudence in explaining the letters of meanings in deleting them adding them including them and increasing them The book of AlSheer as a model,,"[""Hasan Morshed Al-Mohamad, Isam Derar Al-Kousa""]",ajsrp,finalpdfs/4417-4175.pdf
,The Unspoken in the Speech of Symbolism School,,"[""Basheer Thabit Mohammed, Lateef Mahmoud Mohammed Al-Ghariri""]",ajsrp,finalpdfs/4554-4307.pdf
,Words that the AlDane was silent about in Ottoman painting In the Alifat,,"[""Mohamed Salem Harsha""]",ajsrp,finalpdfs/4159-3919.pdf
,Description sentence between nominative and verbal and different grammarians in it,,"[""Mohamed Bashir Harba, Zamri Arifin, Hakim Zainal""]",ajsrp,finalpdfs/4154-3920.pdf
,The Names of the Letters for Al Khalil Bin Ahmad A Lexical Morphological Study,,"[""Sara Hassan Saeed Alzahrani""]",ajsrp,finalpdfs/4155-3921.pdf
,Poetry of wine in Ibn Zaidouns Andalusian Diwan An objective analytical study,,"[""Hamzah Abed-Alsalam Al-Khatatneh""]",ajsrp,finalpdfs/4156-3922.pdf
,Social adjustment and self esteem among a sample of visitors and non visitors to the psychological clinic after being exposed to psychological trauma Sexual harassment as an example,,"[""Zahraa Hussain Almosawi, Ahmad Fadhel Alkout, Mohammad Abd Alali Akbar""]",ajsrp,finalpdfs/4157-3923.pdf
,Formation of Consciousness of Fictional Characters Reading in the novel AlMasarrat Wal Awja Joys and Pains,,"[""Kawthar Muhammed Ali Jabara""]",ajsrp,finalpdfs/4160-3924.pdf
,The verbal correlations in the dictionary of Abu Hilal alAskari are names of the remains of things in the manner of the letters of the dictionary,,"[""Alwah Hazam Muslah Aloreany""]",ajsrp,finalpdfs/3801-3596.pdf
,Vocal Harmony in Zaid Bin Ali Reading,,"[""Leena Ali Al-Jarrah, Mustafa Hasan Alqudah""]",ajsrp,finalpdfs/3802-3597.pdf
,The influence of Islam on forming images in the Umayyad poetry,,"[""Rehab AbdUlmohsen Al- Qurashi""]",ajsrp,finalpdfs/3803-3598.pdf
,The Expressive Value of The Segmental Phonemes The Ayahs Describing The Battle of Uhud As A Model,,"[""Raweh Hamid Albar, Aisha Saleh Babssal""]",ajsrp,finalpdfs/3804-3599.pdf
,Responses of AlZamlkani Died in 651 Hijri in his book Ghayat Al muhassal fi sharh Al mofassal to AlZamakhshari and AbnAl Hajeb in the names section presentation and study 651,,"[""Wadha Ahmad Mossad Al-Wargash""]",ajsrp,finalpdfs/3805-3600.pdf
,Slimyah Sect and its Doctrinal Opinions on the Divine Self in the Light of Islamic Doctrine,,"[""Eisa Rabeeh Ahmad""]",ajsrp,finalpdfs/3806-3601.pdf
,Trends of criticism between the two caliphs Omar bin Alkhatab and Abdulmalek bin Marwan A comparative study of environment effect,,"[""Awadh Ahmed Hasan""]",ajsrp,finalpdfs/3407-3250.pdf
,Analyzing the content of the poetic discourse in the poem Bant Souad A study in light of the solidarity strategy,,"[""Hosam Mohammad Al-Btoosh""]",ajsrp,finalpdfs/3410-3251.pdf
,Technology and Conceptual Art in Fashion Shows and Designs by Iris Van Herpen,,"[""Dalal Abdullah Al-Harthy Al-Shareef""]",ajsrp,finalpdfs/3412-3252.pdf
,The Relationship between the Verbal Composition of a Language and the Mental Image of the Speaker or Writer,,"[""Abdallah Ali Althory""]",ajsrp,finalpdfs/3413-3253.pdf
,Awad Al Qawzi and the issues of the grammatical term,,"[""Ibrahem Humaidan Al- Mutairi""]",ajsrp,finalpdfs/3414-3254.pdf
,The Effectiveness of the Landa Model on the Development of Innovative Thinking Skills and the Acquisition of Jurisprudential Concepts Among the Students of the Tenth Grade in Jordan,,"[""Yaseen Ali Al- Maqosi""]",ajsrp,finalpdfs/3415-3255.pdf
,The Miraculous in The Stories of Prophets 427,,"[""Sherefah Ibrahim Bintaleb""]",ajsrp,finalpdfs/3416-3256.pdf
,The Effectiveness of Educational Program based on Explanation of Judgments and the Embodiment of Ideas in Acquisition of Jurisprudential Concepts and Developing Logical Thinking Skills among Secondary Stage Male Students in the State of Kuwait,,"[""Frahan Ibrahim Al- Shammary, Yaseen Ali Al- Maqosi""]",ajsrp,finalpdfs/3108-2941.pdf
,Coronas Reflections on Contemporary Arabic Poetry Corona Pandemic Poem by Hashem AlBashir As a model,,"[""Salih Shuaib Salih, Maha Ahmed Ismail""]",ajsrp,finalpdfs/3109-2942.pdf
,Jordanian womens use of documentary programs and the fulfilment gained from them AlJazeera Documentary Channels and National Geographic Abu Dhabi as examples,,"[""Odai Ahmad Qaqish, Mohammad Hashem Al-Momani""]",ajsrp,finalpdfs/3110-3015.pdf
,Relative linguistics theory and ancient Arabic grammar,,"[""Ryhanah Abdullah Al-Ansary""]",ajsrp,finalpdfs/3111-2944.pdf
,Towards Teaching Contemporary Arabic Linguistics between Theorizing and Application,,"[""Sahli Djelloul, Khaldi Hicham""]",ajsrp,finalpdfs/3116-2945.pdf
,Competencies and their Role in Teaching Human Sciences The Didactics of History in Tunisia as a model,,"[""Ramzi Ben Mohamed Tej""]",ajsrp,finalpdfs/3112-2946.pdf
,Revival of the Abbasid caliphate in Cairo In light of inscriptions on Mamluk coins 659 AH 1261CE 6591261,,"[""Elshahat Anwar Barakat""]",ajsrp,finalpdfs/3113-3016.pdf
,The extent to which private schools in Shafa Badran area Amman implement their educational and legal obligations to apply online education in light of Corona pandemic,,"[""Omar musa mahasneh, Othman Ibrahim bnitaha""]",ajsrp,finalpdfs/3114-3017.pdf
,Obstacles facing the application of the law of protection from abuse from the point of view of workers in the Social Protection Department in Makkah AlMukarramah Region,,"[""Fahad Ahmad Apopakr Almalki""]",ajsrp,finalpdfs/3115-2949.pdf
,The Jurisprudential Maxim Translators Statement is Absolutely Accepted Between Islamic Law and Civil Procedures Law in the Sultanate of Oman And Contemporary Applications,,"[""Fahad Khamis Ahmad Al-Fahdi""]",ajsrp,finalpdfs/2812-2631.pdf
,Text coherence in Surat Abs Referral as a template,,"[""Yasmine Abdullah Saad""]",ajsrp,finalpdfs/2813-2632.pdf
,Verbal Subscribers of Matin Al Shatibya Collection and Study,,"[""Othman Rashid Majeed""]",ajsrp,finalpdfs/2814-2633.pdf
,The means of modern technology and their impact on worships Purity Prayer as a model A Jurisprudential Study,,"[""Emad Hamdy Abdelsamed Abdelhamed""]",ajsrp,finalpdfs/2815-2634.pdf
,The position of the Algerian national movements on the Palestinian issue 1936 1948 1936 1948,,"[""Sami Mohammed Alqam""]",ajsrp,finalpdfs/2816-2635.pdf
,Human and Idea in the polyphonic novel Blood and Fires Tetralogy of Abdolmalek Mortadh as a model,,"[""Mamoun Abdelouahab, Tehirichi Abdelhafid""]",ajsrp,finalpdfs/2817-2636.pdf
,Aesthetic Rhythm poetic image in the poems of Alhadirah Thubiani,,"[""Awwad Ahmad Aldandan""]",ajsrp,finalpdfs/2818-2637.pdf
,The Verbal Participation in Arabic Language A Linguistics Study,,"[""Alaa Taref Garibeh""]",ajsrp,finalpdfs/2527-2388.pdf
,The Argumentation in the Message of Sahl Bin Haroun to his Cousins of AL Rahboon,,"[""Ahmad Abdalkareem Al- Molqi""]",ajsrp,finalpdfs/2528-2389.pdf
,AlMalaqi grammatical opinions in Mughni AlLabibs Book A linguistic descriptive study,,"[""Ahyaf Abdel Azeze Burini""]",ajsrp,finalpdfs/2529-2390.pdf
,Cohesion and harmony in the poem Three Pictures by poet Mahmoud Darwish,,"[""Ahmed Mohammad Albzour""]",ajsrp,finalpdfs/2530-2391.pdf
,Proverbs in Ithaf Zawi Al istehqaq bi baad Morad Al Mouradi wa Zawaed Abi Ishaq Grammar study,,"[""Sarah Abdullah Alsabih""]",ajsrp,finalpdfs/2531-2392.pdf
,Duality Linguistic and Its Impact on Arabic Language,,"[""Tamam Hamad Almnaizl""]",ajsrp,finalpdfs/2532-2393.pdf
,Memory of representation of social life in the explanation of Al zouzni for the sleepless seven,,"[""Mohammed Yamani Mebirik""]",ajsrp,finalpdfs/2533-2394.pdf
,The level of reflective thinking among mathematics teachers of the first three school classes in Jordan,,"[""Awad Mufleh Alkhazam""]",ajsrp,finalpdfs/2534-2395.pdf
,The Impact of Knowledge Sharing on the Services Provided by of Security and Safety Employees in Saudi Telecom Company,,"[""Yousef saeed alghamdi""]",ajsrp,finalpdfs/2233-2106.pdf
,Technical construction tools in a novel The Dream of Long Distance by Suleiman Al Qawabba,,"[""Osama Mohamed El- Shishiny""]",ajsrp,finalpdfs/2235-2108.pdf
,Satirical argument in political discourse,,"[""Cherif rym""]",ajsrp,finalpdfs/2236-2109.pdf
,The Polyphony of Closed Space in the Contemporary Saudi Narration,,"[""Mishal Fadhi al- Moghairi""]",ajsrp,finalpdfs/2237-2110.pdf
,Features of communicative in Arabic grammar,,"[""Sefaa Ali Al-maqabelah""]",ajsrp,finalpdfs/2238-2111.pdf
,The Sub Laplacian on The Heisenberg Group and Its Spectral Properties,,"[""Soha Ali Salamah""]",ajsrp,finalpdfs/2239-2112.pdf
,The difference in the versions of the book and its impact on the understanding of the words of Sippoy Abu Nasr Al Qurtubi d 401 AH model 401,,"[""Ghareeb Abdulrahman Abdullah Al- Adyani""]",ajsrp,finalpdfs/1992-1901.pdf
,Social norms in pre Islamic poetry Antara bin Shaddad as a model,,"[""Huda Qism Allah Mustafa""]",ajsrp,finalpdfs/1993-1902.pdf
,The Semantic Structure of narrative discourse in the novel The Alley of Mudaq by Naguib Mahfouz,,"[""Laila Othman Abdalla""]",ajsrp,finalpdfs/1994-1903.pdf
,The strategy of conflict of interpretations in the poem dream of an empty night by the poet Ahmed Abdel Moaty Hijaz,,"[""Mahmoud Khalif Khudair Obaid Hayani""]",ajsrp,finalpdfs/1995-1904.pdf
,The functional shift in social media prepositions and conjunction as a sample,,"[""NUJUD ISMAIL ALANAZI, MOHD AZIDAN ABDUL JABAR, ABDURRAUF HASSAN, ABULHALIM BIN MOHAMAD""]",ajsrp,finalpdfs/1996-1905.pdf
,Reference in selected articles of Dr Ibrahim Al Turkis book Wafq al tawqt al Arab,,"[""Norah Abdullah Al-Sohebani,  Amal Othman Al- Atta""]",ajsrp,finalpdfs/1997-1906.pdf
,Maximizing Rituals of Pilgrimage A Communicative Cognitive Analysis,,"[""Mohammed Babiker Alawad""]",ajsrp,finalpdfs/2011-1919.pdf
,Morphological Terms in the Textbooks of Morphology A study of their concepts Overlapping and Forms substitution,,"[""Abu Haneefa Omer AlShareef Ali Omer, Entesar Mahdadi Abdallah ElSiddig""]",ajsrp,finalpdfs/1761-1685.pdf
,Tense in the Principles of Semantics,,"[""Deeaa Hussin Mouheb Aldeen""]",ajsrp,finalpdfs/1762-1686.pdf
,The linguistics characterstics of Bni Sofyans dialect An analytic descriptive study,,"[""Afrah Mohsen Al-salmi""]",ajsrp,finalpdfs/1763-1687.pdf
,The concept of sentence between sentence grammar and text grammar,,"[""Hasan Mohammed Mfreg""]",ajsrp,finalpdfs/1764-1688.pdf
,The contradictory duals The meaning and the term,,"[""Khaled Abd alazaiz Hassan""]",ajsrp,finalpdfs/1765-1689.pdf
,Mechanisms of Generating the Arabic Term,,"[""Najat Amhamad Hussein""]",ajsrp,finalpdfs/1766-1690.pdf
التحليل المبني على نظم المعلومات الجغرافية للتغيرات السكانية في محافظة عمان (2010-2015),the GIS-Based Analysis of Population Changes in Amman Governorate  (2010–2015),Art,"[""Eman  B. F. Al-Zbon"", ""Professor Dr. Yusra Al-Hasban""]",AM,finalpdfs/Art_1.pdf
مكانة القاضي الجماعي في الأندلس: النشأة والتطور والواجبات القضائية في العصر الأموي *,"The Position of Group Judge in Al-Andalus: The Establishment, Development and the Judicial Duties in the Umayyad Era *",Art,"[""Abdullah A. K. Dandan"", ""Yousef Bani Yassin""]",AM,finalpdfs/Art_4.pdf
فاعلية برنامج علاجي قائم على النظم الأسرية الداخلية في تحسين التنظيم الانفعالي لدى طلاب الجامعة,The Effectiveness of a Treatment Program Based on Internal Family Systems to Improve Emotional Regulation among University Students,Edu,"[""Liwaa Khalil Al-Dasouqi""]",AM,finalpdfs/Edu_5.pdf
أثر الرضا الوظيفي على الالتزام التنظيمي لدى مديري المدارس الثانوية مع الإشارة بشكل خاص إلى المدارس الحكومية في محافظة إربد – الأردن,The The Impact Of Job Satisfaction On Organizational Commitment Among Secondary School Principals With Special Reference To Public Schools In The Irbid Governorate –Jordan,Edu,"[""alaa harahsheh"", ""Ziyad  M. Al-Gonmeen""]",AM,finalpdfs/Edu_6.pdf
أثر طرق التدريس لمعلمي التربية المهنية في اكتساب المهارات المهنية لدى الطلاب,The Impact of Teaching Methods of Vocational Education Teachers on Acquiring Vocational Skills Among Students,Edu,"[""Zaid Daher Khalaf Hazaimeh""]",AM,finalpdfs/Edu_7.pdf
درجة استخدام الذكاء الاصطناعي في اتخاذ القرار الإداري لدى القيادات الأكاديمية في جامعة آل البيت.,The Degree of Artificial Intelligence Utilization in Administrative Decision-making among Academic Leaders at Al al-Bayt University.,Edu,"[""Lutfi Al-Masaeed"", ""Muhammad Al-Hawamdeh"", ""Muhammad Al-Harahsheh""]",AM,finalpdfs/Edu_8.pdf
السمات القيادية والإدارية لمعلمي التربية الرياضية في مديرية التربية والتعليم للمنطقة الجامعية وعلاقتها بتعزيز مفهوم الرياضة المدرسية الحديثة من وجهة نظرهم,Leadership and Administrative Traits of Physical Education Teachers in the Directorate of Education for the University District and their Relationship in Reinforcing the Concept of Modern School Sports from their perspective,Edu,"[""Yassin Ali Al-Maharmeh""]",AM,finalpdfs/Edu_9.pdf
القدرة التنبؤية لتنظيم الانفعالات في جودة الحياة المهنية لدى أخصائيي الصحة النفسية في مخيمات اللاجئين المتضررة من الصراعات,Predictive Ability of Emotion Regulation in the Quality of Professional Life among Mental Health Professionals in Refugee Camps Conflict-Affected,Edu,"[""Ahmed  Bani Khalid"", ""Omar  Al-Adamat"", ""Ibrahim  Bani Khalid""]",AM,finalpdfs/Edu_10.pdf
فاعلية استراتيجية فيجوتسكي للتعلم التوليدي في بناء المفاهيم على مستوى التحصيل والاحتفاظ بالتعلم في مقرر استراتيجيات التدريس لطالبات السنة الرابعة تخصص تربية الطفل,The effectiveness of Vygotsky's generative learning strategy in building concepts at the level of achievement and retention of learning impact in the teaching strategies course for fourth-year female students majoring in child education,Edu,"[""Raed Ahmad Al-Karimeen""]",AM,finalpdfs/Edu_11.pdf
واقع تخطيط التعاقب القيادي في جامعة آل البيت من وجهة نظر أعضاء هيئة التدريس,The Status Que of Leadership Succession Planning at Al al-Bayt University from Faculty Members’ Points of View,Edu,"[""Musalm Al-Shorofat"", ""Mahmoud  Al-Meqdadi"", ""Mohammed Al-Hawamdeh""]",AM,finalpdfs/Edu_12.pdf
دور الجامعات الأردنية في تعزيز التربية الأخلاقية لدى طلبتها للتعامل مع العصر الرقمي,The Role of Jordanian Universities in Enhancing Ethical Education Among Their Students to Deal with the Digital Age,Edu,"[""Faten M. Abu Salah"", ""Mohammad AlZboon""]",AM,finalpdfs/Edu_13.pdf
الاتجاهات نحو BTEC لدى طلبة الصف العاشر وأولياء أمورهم في محافظة إربد,Attitudes Towards BTEC among Tenth Grade Students and Their Parents in Irbid District,Edu,"[""sohaib alrefai""]",AM,finalpdfs/Edu_14.pdf
درجة الكفاءة الذاتية الرقمية وعلاقتها بمهارات معالجة المعلومات لدى طلبة الجامعة الأردنية,The Degree of Digital Self-Efficacy and Its Relationship to Information Processing Skills Among University of Jordan Students,Edu,"[""Israa A. Al-Adwan"", ""Ferial Abu Awwad""]",AM,finalpdfs/Edu_15.pdf
أثر استخدام البرمجيات الإلكترونية في تحسين مهارات الاستماع لدى طلبة الصف الخامس الأساسي في محافظة الزرقاء,The Impact of the Use of Electronic Software on Improving  the Listening Skills of Fifth Grade Students in Zarqa Governorate,Edu,"[""Shorouq H. Al-Amash"", ""Hamoud M. Al-Olimat"", ""Mamoun  Al-Zbon""]",AM,finalpdfs/Edu_16.pdf
آليات الدفاع الأولية لدى طلبة الجامعة من ذوي الإعاقة: دراسة مقارنة,Primary Defense Mechanisms among University Students with Disabilities: A Comparative Study,Edu,"[""alia Al-oweidi"", ""Randa A. Barakat""]",AM,finalpdfs/Edu_17.pdf
أثر التدفقات النقدية التشغيلية والأرباح التشغيلية على التوزيعات النقدية: الذمم المدينة كمتغير معتدل في الشركات الصناعية المساهمة العامة الأردنية,The Impact of Operating Cash Flows and Operating Profits on Cash Dividends: Accounts Receivable as a Moderating Variable in Jordanian Public Shareholding Industrial Companies,Bus,"[""Muhammad Ali Alhayek"", ""Dhaifallah Aleimat""]",AM,finalpdfs/Bus_18.pdf
أثر القيادة التحويلية على جودة الحياة الوظيفية: دراسة ميدانية في شركات التأمين الأردنية,The Impact of Transfomational Leadership on the Qulaity of Work Life: A Field Study  in Jordanian Insurance Companies,Bus,"[""Safa Al Olimat""]",AM,finalpdfs/Bus_19.pdf
,,Agricultural,,ARPD,finalpdfs/100.pdf
,,Agricultural,,ARPD,finalpdfs/101.pdf
,,Agricultural,,ARPD,finalpdfs/102.pdf
,,Agricultural,,ARPD,finalpdfs/103.pdf
,,Agricultural,,ARPD,finalpdfs/104.pdf
,,Agricultural,,ARPD,finalpdfs/105.pdf
,,Agricultural,,ARPD,finalpdfs/106.pdf
,,Agricultural,,ARPD,finalpdfs/107.pdf
,,Agricultural,,ARPD,finalpdfs/108.pdf
,,Agricultural,,ARPD,finalpdfs/109.pdf
,,Agricultural,,ARPD,finalpdfs/10.pdf
,,Agricultural,,ARPD,finalpdfs/110.pdf
,,Agricultural,,ARPD,finalpdfs/111.pdf
,,Agricultural,,ARPD,finalpdfs/112.pdf
,,Agricultural,,ARPD,finalpdfs/113.pdf
,,Agricultural,,ARPD,finalpdfs/114.pdf
,,Agricultural,,ARPD,finalpdfs/115.pdf
,,Agricultural,,ARPD,finalpdfs/116.pdf
,,Agricultural,,ARPD,finalpdfs/117.pdf
,,Agricultural,,ARPD,finalpdfs/118.pdf
,,Agricultural,,ARPD,finalpdfs/119.pdf
,,Agricultural,,ARPD,finalpdfs/11.pdf
,,Agricultural,,ARPD,finalpdfs/120.pdf
,,Agricultural,,ARPD,finalpdfs/121.pdf
,,Agricultural,,ARPD,finalpdfs/122.pdf
,,Agricultural,,ARPD,finalpdfs/123.pdf
,,Agricultural,,ARPD,finalpdfs/124.pdf
,,Agricultural,,ARPD,finalpdfs/125.pdf
,,Agricultural,,ARPD,finalpdfs/126.pdf
,,Agricultural,,ARPD,finalpdfs/127.pdf
,,Agricultural,,ARPD,finalpdfs/128.pdf
,,Agricultural,,ARPD,finalpdfs/129.pdf
,,Agricultural,,ARPD,finalpdfs/12.pdf
,,Agricultural,,ARPD,finalpdfs/130.pdf
,,Agricultural,,ARPD,finalpdfs/131.pdf
,,Agricultural,,ARPD,finalpdfs/132.pdf
,,Agricultural,,ARPD,finalpdfs/133.pdf
,,Agricultural,,ARPD,finalpdfs/134.pdf
,,Agricultural,,ARPD,finalpdfs/135.pdf
,,Agricultural,,ARPD,finalpdfs/136.pdf
,,Agricultural,,ARPD,finalpdfs/137.pdf
,,Agricultural,,ARPD,finalpdfs/138.pdf
,,Agricultural,,ARPD,finalpdfs/139.pdf
,,Agricultural,,ARPD,finalpdfs/13.pdf
,,Agricultural,,ARPD,finalpdfs/140.pdf
,,Agricultural,,ARPD,finalpdfs/141.pdf
,,Agricultural,,ARPD,finalpdfs/142.pdf
,,Agricultural,,ARPD,finalpdfs/143.pdf
,,Agricultural,,ARPD,finalpdfs/144.pdf
,,Agricultural,,ARPD,finalpdfs/145.pdf
,,Agricultural,,ARPD,finalpdfs/146.pdf
,,Agricultural,,ARPD,finalpdfs/147.pdf
,,Agricultural,,ARPD,finalpdfs/148.pdf
,,Agricultural,,ARPD,finalpdfs/149.pdf
,,Agricultural,,ARPD,finalpdfs/14.pdf
,,Agricultural,,ARPD,finalpdfs/150.pdf
,,Agricultural,,ARPD,finalpdfs/151.pdf
,,Agricultural,,ARPD,finalpdfs/152.pdf
,,Agricultural,,ARPD,finalpdfs/153.pdf
,,Agricultural,,ARPD,finalpdfs/154.pdf
,,Agricultural,,ARPD,finalpdfs/155.pdf
,,Agricultural,,ARPD,finalpdfs/156.pdf
,,Agricultural,,ARPD,finalpdfs/157.pdf
,,Agricultural,,ARPD,finalpdfs/158.pdf
,,Agricultural,,ARPD,finalpdfs/159.pdf
,,Agricultural,,ARPD,finalpdfs/15.pdf
,,Agricultural,,ARPD,finalpdfs/160.pdf
,,Agricultural,,ARPD,finalpdfs/161.pdf
,,Agricultural,,ARPD,finalpdfs/162.pdf
,,Agricultural,,ARPD,finalpdfs/163.pdf
,,Agricultural,,ARPD,finalpdfs/164.pdf
,,Agricultural,,ARPD,finalpdfs/165.pdf
,,Agricultural,,ARPD,finalpdfs/166.pdf
,,Agricultural,,ARPD,finalpdfs/167.pdf
,,Agricultural,,ARPD,finalpdfs/168.pdf
,,Agricultural,,ARPD,finalpdfs/169.pdf
,,Agricultural,,ARPD,finalpdfs/16.pdf
,,Agricultural,,ARPD,finalpdfs/170.pdf
,,Agricultural,,ARPD,finalpdfs/171.pdf
,,Agricultural,,ARPD,finalpdfs/172.pdf
,,Agricultural,,ARPD,finalpdfs/173.pdf
,,Agricultural,,ARPD,finalpdfs/174.pdf
,,Agricultural,,ARPD,finalpdfs/175.pdf
,,Agricultural,,ARPD,finalpdfs/176.pdf
,,Agricultural,,ARPD,finalpdfs/177.pdf
,,Agricultural,,ARPD,finalpdfs/178.pdf
,,Agricultural,,ARPD,finalpdfs/179.pdf
,,Agricultural,,ARPD,finalpdfs/17.pdf
,,Agricultural,,ARPD,finalpdfs/180.pdf
,,Agricultural,,ARPD,finalpdfs/181.pdf
,,Agricultural,,ARPD,finalpdfs/182.pdf
,,Agricultural,,ARPD,finalpdfs/183.pdf
,,Agricultural,,ARPD,finalpdfs/184.pdf
,,Agricultural,,ARPD,finalpdfs/185.pdf
,,Agricultural,,ARPD,finalpdfs/186.pdf
,,Agricultural,,ARPD,finalpdfs/187.pdf
,,Agricultural,,ARPD,finalpdfs/188.pdf
,,Agricultural,,ARPD,finalpdfs/189.pdf
,,Agricultural,,ARPD,finalpdfs/18.pdf
,,Agricultural,,ARPD,finalpdfs/190.pdf
,,Agricultural,,ARPD,finalpdfs/191.pdf
,,Agricultural,,ARPD,finalpdfs/192.pdf
,,Agricultural,,ARPD,finalpdfs/193.pdf
,,Agricultural,,ARPD,finalpdfs/194.pdf
,,Agricultural,,ARPD,finalpdfs/195.pdf
,,Agricultural,,ARPD,finalpdfs/196.pdf
,,Agricultural,,ARPD,finalpdfs/197.pdf
,,Agricultural,,ARPD,finalpdfs/198.pdf
,,Agricultural,,ARPD,finalpdfs/199.pdf
,,Agricultural,,ARPD,finalpdfs/19.pdf
,,Agricultural,,ARPD,finalpdfs/1.pdf
,,Agricultural,,ARPD,finalpdfs/200.pdf
,,Agricultural,,ARPD,finalpdfs/201.pdf
,,Agricultural,,ARPD,finalpdfs/202.pdf
,,Agricultural,,ARPD,finalpdfs/203.pdf
,,Agricultural,,ARPD,finalpdfs/204.pdf
,,Agricultural,,ARPD,finalpdfs/205.pdf
,,Agricultural,,ARPD,finalpdfs/206.pdf
,,Agricultural,,ARPD,finalpdfs/207.pdf
,,Agricultural,,ARPD,finalpdfs/208.pdf
,,Agricultural,,ARPD,finalpdfs/209.pdf
,,Agricultural,,ARPD,finalpdfs/20.pdf
,,Agricultural,,ARPD,finalpdfs/210.pdf
,,Agricultural,,ARPD,finalpdfs/211.pdf
,,Agricultural,,ARPD,finalpdfs/212.pdf
,,Agricultural,,ARPD,finalpdfs/213.pdf
,,Agricultural,,ARPD,finalpdfs/214.pdf
,,Agricultural,,ARPD,finalpdfs/215.pdf
,,Agricultural,,ARPD,finalpdfs/216.pdf
,,Agricultural,,ARPD,finalpdfs/217.pdf
,,Agricultural,,ARPD,finalpdfs/218.pdf
,,Agricultural,,ARPD,finalpdfs/219.pdf
,,Agricultural,,ARPD,finalpdfs/21.pdf
,,Agricultural,,ARPD,finalpdfs/220.pdf
,,Agricultural,,ARPD,finalpdfs/221.pdf
,,Agricultural,,ARPD,finalpdfs/222.pdf
,,Agricultural,,ARPD,finalpdfs/223.pdf
,,Agricultural,,ARPD,finalpdfs/224.pdf
,,Agricultural,,ARPD,finalpdfs/225.pdf
,,Agricultural,,ARPD,finalpdfs/226.pdf
,,Agricultural,,ARPD,finalpdfs/227.pdf
,,Agricultural,,ARPD,finalpdfs/228.pdf
,,Agricultural,,ARPD,finalpdfs/229.pdf
,,Agricultural,,ARPD,finalpdfs/22.pdf
,,Agricultural,,ARPD,finalpdfs/230.pdf
,,Agricultural,,ARPD,finalpdfs/231.pdf
,,Agricultural,,ARPD,finalpdfs/232.pdf
,,Agricultural,,ARPD,finalpdfs/233.pdf
,,Agricultural,,ARPD,finalpdfs/234.pdf
,,Agricultural,,ARPD,finalpdfs/235.pdf
,,Agricultural,,ARPD,finalpdfs/236.pdf
,,Agricultural,,ARPD,finalpdfs/237.pdf
,,Agricultural,,ARPD,finalpdfs/238.pdf
,,Agricultural,,ARPD,finalpdfs/239.pdf
,,Agricultural,,ARPD,finalpdfs/23.pdf
,,Agricultural,,ARPD,finalpdfs/240.pdf
,,Agricultural,,ARPD,finalpdfs/241.pdf
,,Agricultural,,ARPD,finalpdfs/242.pdf
,,Agricultural,,ARPD,finalpdfs/243.pdf
,,Agricultural,,ARPD,finalpdfs/244.pdf
,,Agricultural,,ARPD,finalpdfs/245.pdf
,,Agricultural,,ARPD,finalpdfs/246.pdf
,,Agricultural,,ARPD,finalpdfs/247.pdf
,,Agricultural,,ARPD,finalpdfs/248.pdf
,,Agricultural,,ARPD,finalpdfs/249.pdf
,,Agricultural,,ARPD,finalpdfs/24.pdf
,,Agricultural,,ARPD,finalpdfs/250.pdf
,,Agricultural,,ARPD,finalpdfs/251.pdf
,,Agricultural,,ARPD,finalpdfs/252.pdf
,,Agricultural,,ARPD,finalpdfs/253.pdf
,,Agricultural,,ARPD,finalpdfs/254.pdf
,,Agricultural,,ARPD,finalpdfs/255.pdf
,,Agricultural,,ARPD,finalpdfs/256.pdf
,,Agricultural,,ARPD,finalpdfs/257.pdf
,,Agricultural,,ARPD,finalpdfs/258.pdf
,,Agricultural,,ARPD,finalpdfs/259.pdf
,,Agricultural,,ARPD,finalpdfs/25.pdf
,,Agricultural,,ARPD,finalpdfs/260.pdf
,,Agricultural,,ARPD,finalpdfs/261.pdf
,,Agricultural,,ARPD,finalpdfs/262.pdf
,,Agricultural,,ARPD,finalpdfs/263.pdf
,,Agricultural,,ARPD,finalpdfs/264.pdf
,,Agricultural,,ARPD,finalpdfs/265.pdf
,,Agricultural,,ARPD,finalpdfs/266.pdf
,,Agricultural,,ARPD,finalpdfs/267.pdf
,,Agricultural,,ARPD,finalpdfs/268.pdf
,,Agricultural,,ARPD,finalpdfs/269.pdf
,,Agricultural,,ARPD,finalpdfs/26.pdf
,,Agricultural,,ARPD,finalpdfs/270.pdf
,,Agricultural,,ARPD,finalpdfs/271.pdf
,,Agricultural,,ARPD,finalpdfs/272.pdf
,,Agricultural,,ARPD,finalpdfs/273.pdf
,,Agricultural,,ARPD,finalpdfs/274.pdf
,,Agricultural,,ARPD,finalpdfs/275.pdf
,,Agricultural,,ARPD,finalpdfs/276.pdf
,,Agricultural,,ARPD,finalpdfs/277.pdf
,,Agricultural,,ARPD,finalpdfs/278.pdf
,,Agricultural,,ARPD,finalpdfs/279.pdf
,,Agricultural,,ARPD,finalpdfs/27.pdf
,,Agricultural,,ARPD,finalpdfs/280.pdf
,,Agricultural,,ARPD,finalpdfs/281.pdf
,,Agricultural,,ARPD,finalpdfs/282.pdf
,,Agricultural,,ARPD,finalpdfs/283.pdf
,,Agricultural,,ARPD,finalpdfs/284.pdf
,,Agricultural,,ARPD,finalpdfs/285.pdf
,,Agricultural,,ARPD,finalpdfs/286.pdf
,,Agricultural,,ARPD,finalpdfs/287.pdf
,,Agricultural,,ARPD,finalpdfs/288.pdf
,,Agricultural,,ARPD,finalpdfs/289.pdf
,,Agricultural,,ARPD,finalpdfs/28.pdf
,,Agricultural,,ARPD,finalpdfs/290.pdf
,,Agricultural,,ARPD,finalpdfs/291.pdf
,,Agricultural,,ARPD,finalpdfs/292.pdf
,,Agricultural,,ARPD,finalpdfs/293.pdf
,,Agricultural,,ARPD,finalpdfs/294.pdf
,,Agricultural,,ARPD,finalpdfs/295.pdf
,,Agricultural,,ARPD,finalpdfs/296.pdf
,,Agricultural,,ARPD,finalpdfs/297.pdf
,,Agricultural,,ARPD,finalpdfs/298.pdf
,,Agricultural,,ARPD,finalpdfs/299.pdf
,,Agricultural,,ARPD,finalpdfs/29.pdf
,,Agricultural,,ARPD,finalpdfs/2.pdf
,,Agricultural,,ARPD,finalpdfs/300.pdf
,,Agricultural,,ARPD,finalpdfs/301.pdf
,,Agricultural,,ARPD,finalpdfs/302.pdf
,,Agricultural,,ARPD,finalpdfs/303.pdf
,,Agricultural,,ARPD,finalpdfs/304.pdf
,,Agricultural,,ARPD,finalpdfs/305.pdf
,,Agricultural,,ARPD,finalpdfs/306.pdf
,,Agricultural,,ARPD,finalpdfs/307.pdf
,,Agricultural,,ARPD,finalpdfs/30.pdf
,,Agricultural,,ARPD,finalpdfs/31.pdf
,,Agricultural,,ARPD,finalpdfs/32.pdf
,,Agricultural,,ARPD,finalpdfs/33.pdf
,,Agricultural,,ARPD,finalpdfs/34.pdf
,,Agricultural,,ARPD,finalpdfs/35.pdf
,,Agricultural,,ARPD,finalpdfs/36.pdf
,,Agricultural,,ARPD,finalpdfs/37.pdf
,,Agricultural,,ARPD,finalpdfs/38.pdf
,,Agricultural,,ARPD,finalpdfs/39.pdf
,,Agricultural,,ARPD,finalpdfs/3.pdf
,,Agricultural,,ARPD,finalpdfs/40.pdf
,,Agricultural,,ARPD,finalpdfs/41.pdf
,,Agricultural,,ARPD,finalpdfs/42.pdf
,,Agricultural,,ARPD,finalpdfs/43.pdf
,,Agricultural,,ARPD,finalpdfs/44.pdf
,,Agricultural,,ARPD,finalpdfs/45.pdf
,,Agricultural,,ARPD,finalpdfs/46.pdf
,,Agricultural,,ARPD,finalpdfs/47.pdf
,,Agricultural,,ARPD,finalpdfs/48.pdf
,,Agricultural,,ARPD,finalpdfs/49.pdf
,,Agricultural,,ARPD,finalpdfs/4.pdf
,,Agricultural,,ARPD,finalpdfs/50.pdf
,,Agricultural,,ARPD,finalpdfs/51.pdf
,,Agricultural,,ARPD,finalpdfs/52.pdf
,,Agricultural,,ARPD,finalpdfs/53.pdf
,,Agricultural,,ARPD,finalpdfs/54.pdf
,,Agricultural,,ARPD,finalpdfs/55.pdf
,,Agricultural,,ARPD,finalpdfs/56.pdf
,,Agricultural,,ARPD,finalpdfs/57.pdf
,,Agricultural,,ARPD,finalpdfs/58.pdf
,,Agricultural,,ARPD,finalpdfs/59.pdf
,,Agricultural,,ARPD,finalpdfs/5.pdf
,,Agricultural,,ARPD,finalpdfs/60.pdf
,,Agricultural,,ARPD,finalpdfs/61.pdf
,,Agricultural,,ARPD,finalpdfs/62.pdf
,,Agricultural,,ARPD,finalpdfs/63.pdf
,,Agricultural,,ARPD,finalpdfs/64.pdf
,,Agricultural,,ARPD,finalpdfs/65.pdf
,,Agricultural,,ARPD,finalpdfs/66.pdf
,,Agricultural,,ARPD,finalpdfs/67.pdf
,,Agricultural,,ARPD,finalpdfs/68.pdf
,,Agricultural,,ARPD,finalpdfs/69.pdf
,,Agricultural,,ARPD,finalpdfs/6.pdf
,,Agricultural,,ARPD,finalpdfs/70.pdf
,,Agricultural,,ARPD,finalpdfs/71.pdf
,,Agricultural,,ARPD,finalpdfs/72.pdf
,,Agricultural,,ARPD,finalpdfs/73.pdf
,,Agricultural,,ARPD,finalpdfs/74.pdf
,,Agricultural,,ARPD,finalpdfs/75.pdf
,,Agricultural,,ARPD,finalpdfs/76.pdf
,,Agricultural,,ARPD,finalpdfs/77.pdf
,,Agricultural,,ARPD,finalpdfs/78.pdf
,,Agricultural,,ARPD,finalpdfs/79.pdf
,,Agricultural,,ARPD,finalpdfs/7.pdf
,,Agricultural,,ARPD,finalpdfs/80.pdf
,,Agricultural,,ARPD,finalpdfs/81.pdf
,,Agricultural,,ARPD,finalpdfs/82.pdf
,,Agricultural,,ARPD,finalpdfs/83.pdf
,,Agricultural,,ARPD,finalpdfs/84.pdf
,,Agricultural,,ARPD,finalpdfs/85.pdf
,,Agricultural,,ARPD,finalpdfs/86.pdf
,,Agricultural,,ARPD,finalpdfs/87.pdf
,,Agricultural,,ARPD,finalpdfs/88.pdf
,,Agricultural,,ARPD,finalpdfs/89.pdf
,,Agricultural,,ARPD,finalpdfs/8.pdf
,,Agricultural,,ARPD,finalpdfs/90.pdf
,,Agricultural,,ARPD,finalpdfs/91.pdf
,,Agricultural,,ARPD,finalpdfs/92.pdf
,,Agricultural,,ARPD,finalpdfs/93.pdf
,,Agricultural,,ARPD,finalpdfs/94.pdf
,,Agricultural,,ARPD,finalpdfs/95.pdf
,,Agricultural,,ARPD,finalpdfs/96.pdf
,,Agricultural,,ARPD,finalpdfs/97.pdf
,,Agricultural,,ARPD,finalpdfs/98.pdf
,,Agricultural,,ARPD,finalpdfs/99.pdf
,,Agricultural,,ARPD,finalpdfs/9.pdf
,,Arabic,,ARPD,finalpdfs/100.pdf
,,Arabic,,ARPD,finalpdfs/101.pdf
,,Arabic,,ARPD,finalpdfs/102.pdf
,,Arabic,,ARPD,finalpdfs/103.pdf
,,Arabic,,ARPD,finalpdfs/104.pdf
,,Arabic,,ARPD,finalpdfs/107.pdf
,,Arabic,,ARPD,finalpdfs/108.pdf
,,Arabic,,ARPD,finalpdfs/110.pdf
,,Arabic,,ARPD,finalpdfs/112.pdf
,,Arabic,,ARPD,finalpdfs/118.pdf
,,Arabic,,ARPD,finalpdfs/119.pdf
,,Arabic,,ARPD,finalpdfs/120.pdf
,,Arabic,,ARPD,finalpdfs/121.pdf
,,Arabic,,ARPD,finalpdfs/122.pdf
,,Arabic,,ARPD,finalpdfs/123.pdf
,,Arabic,,ARPD,finalpdfs/124.pdf
,,Arabic,,ARPD,finalpdfs/125.pdf
,,Arabic,,ARPD,finalpdfs/126.pdf
,,Arabic,,ARPD,finalpdfs/127.pdf
,,Arabic,,ARPD,finalpdfs/128.pdf
,,Arabic,,ARPD,finalpdfs/129.pdf
,,Arabic,,ARPD,finalpdfs/130.pdf
,,Arabic,,ARPD,finalpdfs/131.pdf
,,Arabic,,ARPD,finalpdfs/132.pdf
,,Arabic,,ARPD,finalpdfs/133.pdf
,,Arabic,,ARPD,finalpdfs/134.pdf
,,Arabic,,ARPD,finalpdfs/135.pdf
,,Arabic,,ARPD,finalpdfs/136.pdf
,,Arabic,,ARPD,finalpdfs/137.pdf
,,Arabic,,ARPD,finalpdfs/138.pdf
,,Arabic,,ARPD,finalpdfs/139.pdf
,,Arabic,,ARPD,finalpdfs/140.pdf
,,Arabic,,ARPD,finalpdfs/141.pdf
,,Arabic,,ARPD,finalpdfs/142.pdf
,,Arabic,,ARPD,finalpdfs/143.pdf
,,Arabic,,ARPD,finalpdfs/144.pdf
,,Arabic,,ARPD,finalpdfs/145.pdf
,,Arabic,,ARPD,finalpdfs/146.pdf
,,Arabic,,ARPD,finalpdfs/147.pdf
,,Arabic,,ARPD,finalpdfs/148.pdf
,,Arabic,,ARPD,finalpdfs/149.pdf
,,Arabic,,ARPD,finalpdfs/150.pdf
,,Arabic,,ARPD,finalpdfs/151.pdf
,,Arabic,,ARPD,finalpdfs/152.pdf
,,Arabic,,ARPD,finalpdfs/153.pdf
,,Arabic,,ARPD,finalpdfs/154.pdf
,,Arabic,,ARPD,finalpdfs/155.pdf
,,Arabic,,ARPD,finalpdfs/156.pdf
,,Arabic,,ARPD,finalpdfs/157.pdf
,,Arabic,,ARPD,finalpdfs/158.pdf
,,Arabic,,ARPD,finalpdfs/159.pdf
,,Arabic,,ARPD,finalpdfs/160.pdf
,,Arabic,,ARPD,finalpdfs/161.pdf
,,Arabic,,ARPD,finalpdfs/162.pdf
,,Arabic,,ARPD,finalpdfs/163.pdf
,,Arabic,,ARPD,finalpdfs/164.pdf
,,Arabic,,ARPD,finalpdfs/165.pdf
,,Arabic,,ARPD,finalpdfs/166.pdf
,,Arabic,,ARPD,finalpdfs/167.pdf
,,Arabic,,ARPD,finalpdfs/168.pdf
,,Arabic,,ARPD,finalpdfs/169.pdf
,,Arabic,,ARPD,finalpdfs/170.pdf
,,Arabic,,ARPD,finalpdfs/171.pdf
,,Arabic,,ARPD,finalpdfs/172.pdf
,,Arabic,,ARPD,finalpdfs/173.pdf
,,Arabic,,ARPD,finalpdfs/174.pdf
,,Arabic,,ARPD,finalpdfs/175.pdf
,,Arabic,,ARPD,finalpdfs/176.pdf
,,Arabic,,ARPD,finalpdfs/177.pdf
,,Arabic,,ARPD,finalpdfs/178.pdf
,,Arabic,,ARPD,finalpdfs/179.pdf
,,Arabic,,ARPD,finalpdfs/180.pdf
,,Arabic,,ARPD,finalpdfs/181.pdf
,,Arabic,,ARPD,finalpdfs/182.pdf
,,Arabic,,ARPD,finalpdfs/183.pdf
,,Arabic,,ARPD,finalpdfs/184.pdf
,,Arabic,,ARPD,finalpdfs/185.pdf
,,Arabic,,ARPD,finalpdfs/186.pdf
,,Arabic,,ARPD,finalpdfs/187.pdf
,,Arabic,,ARPD,finalpdfs/188.pdf
,,Arabic,,ARPD,finalpdfs/189.pdf
,,Arabic,,ARPD,finalpdfs/190.pdf
,,Arabic,,ARPD,finalpdfs/191.pdf
,,Arabic,,ARPD,finalpdfs/192.pdf
,,Arabic,,ARPD,finalpdfs/193.pdf
,,Arabic,,ARPD,finalpdfs/194.pdf
,,Arabic,,ARPD,finalpdfs/195.pdf
,,Arabic,,ARPD,finalpdfs/196.pdf
,,Arabic,,ARPD,finalpdfs/197.pdf
,,Arabic,,ARPD,finalpdfs/198.pdf
,,Arabic,,ARPD,finalpdfs/199.pdf
,,Arabic,,ARPD,finalpdfs/200.pdf
,,Arabic,,ARPD,finalpdfs/201.pdf
,,Arabic,,ARPD,finalpdfs/202.pdf
,,Arabic,,ARPD,finalpdfs/203.pdf
,,Arabic,,ARPD,finalpdfs/204.pdf
,,Arabic,,ARPD,finalpdfs/205.pdf
,,Arabic,,ARPD,finalpdfs/206.pdf
,,Arabic,,ARPD,finalpdfs/207.pdf
,,Arabic,,ARPD,finalpdfs/208.pdf
,,Arabic,,ARPD,finalpdfs/209.pdf
,,Arabic,,ARPD,finalpdfs/210.pdf
,,Arabic,,ARPD,finalpdfs/211.pdf
,,Arabic,,ARPD,finalpdfs/212.pdf
,,Arabic,,ARPD,finalpdfs/213.pdf
,,Arabic,,ARPD,finalpdfs/214.pdf
,,Arabic,,ARPD,finalpdfs/215.pdf
,,Arabic,,ARPD,finalpdfs/216.pdf
,,Arabic,,ARPD,finalpdfs/217.pdf
,,Arabic,,ARPD,finalpdfs/218.pdf
,,Arabic,,ARPD,finalpdfs/219.pdf
,,Arabic,,ARPD,finalpdfs/220.pdf
,,Arabic,,ARPD,finalpdfs/221.pdf
,,Arabic,,ARPD,finalpdfs/222.pdf
,,Arabic,,ARPD,finalpdfs/223.pdf
,,Arabic,,ARPD,finalpdfs/224.pdf
,,Arabic,,ARPD,finalpdfs/225.pdf
,,Arabic,,ARPD,finalpdfs/226.pdf
,,Arabic,,ARPD,finalpdfs/227.pdf
,,Arabic,,ARPD,finalpdfs/228.pdf
,,Arabic,,ARPD,finalpdfs/229.pdf
,,Arabic,,ARPD,finalpdfs/22.pdf
,,Arabic,,ARPD,finalpdfs/230.pdf
,,Arabic,,ARPD,finalpdfs/231.pdf
,,Arabic,,ARPD,finalpdfs/232.pdf
,,Arabic,,ARPD,finalpdfs/233.pdf
,,Arabic,,ARPD,finalpdfs/234.pdf
,,Arabic,,ARPD,finalpdfs/235.pdf
,,Arabic,,ARPD,finalpdfs/236.pdf
,,Arabic,,ARPD,finalpdfs/237.pdf
,,Arabic,,ARPD,finalpdfs/238.pdf
,,Arabic,,ARPD,finalpdfs/239.pdf
,,Arabic,,ARPD,finalpdfs/240.pdf
,,Arabic,,ARPD,finalpdfs/241.pdf
,,Arabic,,ARPD,finalpdfs/242.pdf
,,Arabic,,ARPD,finalpdfs/243.pdf
,,Arabic,,ARPD,finalpdfs/244.pdf
,,Arabic,,ARPD,finalpdfs/245.pdf
,,Arabic,,ARPD,finalpdfs/246.pdf
,,Arabic,,ARPD,finalpdfs/247.pdf
,,Arabic,,ARPD,finalpdfs/248.pdf
,,Arabic,,ARPD,finalpdfs/249.pdf
,,Arabic,,ARPD,finalpdfs/250.pdf
,,Arabic,,ARPD,finalpdfs/251.pdf
,,Arabic,,ARPD,finalpdfs/252.pdf
,,Arabic,,ARPD,finalpdfs/253.pdf
,,Arabic,,ARPD,finalpdfs/254.pdf
,,Arabic,,ARPD,finalpdfs/255.pdf
,,Arabic,,ARPD,finalpdfs/256.pdf
,,Arabic,,ARPD,finalpdfs/257.pdf
,,Arabic,,ARPD,finalpdfs/258.pdf
,,Arabic,,ARPD,finalpdfs/259.pdf
,,Arabic,,ARPD,finalpdfs/260.pdf
,,Arabic,,ARPD,finalpdfs/261.pdf
,,Arabic,,ARPD,finalpdfs/262.pdf
,,Arabic,,ARPD,finalpdfs/263.pdf
,,Arabic,,ARPD,finalpdfs/264.pdf
,,Arabic,,ARPD,finalpdfs/265.pdf
,,Arabic,,ARPD,finalpdfs/266.pdf
,,Arabic,,ARPD,finalpdfs/267.pdf
,,Arabic,,ARPD,finalpdfs/268.pdf
,,Arabic,,ARPD,finalpdfs/269.pdf
,,Arabic,,ARPD,finalpdfs/270.pdf
,,Arabic,,ARPD,finalpdfs/271.pdf
,,Arabic,,ARPD,finalpdfs/272.pdf
,,Arabic,,ARPD,finalpdfs/273.pdf
,,Arabic,,ARPD,finalpdfs/274.pdf
,,Arabic,,ARPD,finalpdfs/275.pdf
,,Arabic,,ARPD,finalpdfs/276.pdf
,,Arabic,,ARPD,finalpdfs/277.pdf
,,Arabic,,ARPD,finalpdfs/278.pdf
,,Arabic,,ARPD,finalpdfs/279.pdf
,,Arabic,,ARPD,finalpdfs/280.pdf
,,Arabic,,ARPD,finalpdfs/281.pdf
,,Arabic,,ARPD,finalpdfs/282.pdf
,,Arabic,,ARPD,finalpdfs/283.pdf
,,Arabic,,ARPD,finalpdfs/284.pdf
,,Arabic,,ARPD,finalpdfs/285.pdf
,,Arabic,,ARPD,finalpdfs/286.pdf
,,Arabic,,ARPD,finalpdfs/287.pdf
,,Arabic,,ARPD,finalpdfs/288.pdf
,,Arabic,,ARPD,finalpdfs/289.pdf
,,Arabic,,ARPD,finalpdfs/290.pdf
,,Arabic,,ARPD,finalpdfs/291.pdf
,,Arabic,,ARPD,finalpdfs/292.pdf
,,Arabic,,ARPD,finalpdfs/293.pdf
,,Arabic,,ARPD,finalpdfs/294.pdf
,,Arabic,,ARPD,finalpdfs/295.pdf
,,Arabic,,ARPD,finalpdfs/296.pdf
,,Arabic,,ARPD,finalpdfs/297.pdf
,,Arabic,,ARPD,finalpdfs/298.pdf
,,Arabic,,ARPD,finalpdfs/299.pdf
,,Arabic,,ARPD,finalpdfs/300.pdf
,,Arabic,,ARPD,finalpdfs/301.pdf
,,Arabic,,ARPD,finalpdfs/302.pdf
,,Arabic,,ARPD,finalpdfs/303.pdf
,,Arabic,,ARPD,finalpdfs/37.pdf
,,Arabic,,ARPD,finalpdfs/38.pdf
,,Arabic,,ARPD,finalpdfs/39.pdf
,,Arabic,,ARPD,finalpdfs/40.pdf
,,Arabic,,ARPD,finalpdfs/41.pdf
,,Arabic,,ARPD,finalpdfs/42.pdf
,,Arabic,,ARPD,finalpdfs/43.pdf
,,Arabic,,ARPD,finalpdfs/45.pdf
,,Arabic,,ARPD,finalpdfs/46.pdf
,,Arabic,,ARPD,finalpdfs/47.pdf
,,Arabic,,ARPD,finalpdfs/49.pdf
,,Arabic,,ARPD,finalpdfs/4.pdf
,,Arabic,,ARPD,finalpdfs/51.pdf
,,Arabic,,ARPD,finalpdfs/52.pdf
,,Arabic,,ARPD,finalpdfs/54.pdf
,,Arabic,,ARPD,finalpdfs/56.pdf
,,Arabic,,ARPD,finalpdfs/57.pdf
,,Arabic,,ARPD,finalpdfs/58.pdf
,,Arabic,,ARPD,finalpdfs/59.pdf
,,Arabic,,ARPD,finalpdfs/60.pdf
,,Arabic,,ARPD,finalpdfs/6.pdf
,,Arabic,,ARPD,finalpdfs/73.pdf
,,Arabic,,ARPD,finalpdfs/74.pdf
,,Arabic,,ARPD,finalpdfs/75.pdf
,,Arabic,,ARPD,finalpdfs/76.pdf
,,Arabic,,ARPD,finalpdfs/77.pdf
,,Arabic,,ARPD,finalpdfs/78.pdf
,,Arabic,,ARPD,finalpdfs/79.pdf
,,Arabic,,ARPD,finalpdfs/7.pdf
,,Arabic,,ARPD,finalpdfs/80.pdf
,,Arabic,,ARPD,finalpdfs/81.pdf
,,Arabic,,ARPD,finalpdfs/82.pdf
,,Arabic,,ARPD,finalpdfs/83.pdf
,,Arabic,,ARPD,finalpdfs/84.pdf
,,Arabic,,ARPD,finalpdfs/89.pdf
,,Arabic,,ARPD,finalpdfs/90.pdf
,,Arabic,,ARPD,finalpdfs/91.pdf
,,Arabic,,ARPD,finalpdfs/92.pdf
,,Arabic,,ARPD,finalpdfs/93.pdf
,,Arabic,,ARPD,finalpdfs/94.pdf
,,Arabic,,ARPD,finalpdfs/95.pdf
,,Arabic,,ARPD,finalpdfs/96.pdf
,,Arabic,,ARPD,finalpdfs/97.pdf
,,Arabic,,ARPD,finalpdfs/98.pdf
,,Arabic,,ARPD,finalpdfs/99.pdf
,,Art,,ARPD,finalpdfs/100.pdf
,,Art,,ARPD,finalpdfs/104.pdf
,,Art,,ARPD,finalpdfs/105.pdf
,,Art,,ARPD,finalpdfs/106.pdf
,,Art,,ARPD,finalpdfs/107.pdf
,,Art,,ARPD,finalpdfs/108.pdf
,,Art,,ARPD,finalpdfs/109.pdf
,,Art,,ARPD,finalpdfs/110.pdf
,,Art,,ARPD,finalpdfs/111.pdf
,,Art,,ARPD,finalpdfs/112.pdf
,,Art,,ARPD,finalpdfs/113.pdf
,,Art,,ARPD,finalpdfs/114.pdf
,,Art,,ARPD,finalpdfs/115.pdf
,,Art,,ARPD,finalpdfs/116.pdf
,,Art,,ARPD,finalpdfs/117.pdf
,,Art,,ARPD,finalpdfs/118.pdf
,,Art,,ARPD,finalpdfs/119.pdf
,,Art,,ARPD,finalpdfs/11.pdf
,,Art,,ARPD,finalpdfs/120.pdf
,,Art,,ARPD,finalpdfs/121.pdf
,,Art,,ARPD,finalpdfs/122.pdf
,,Art,,ARPD,finalpdfs/123.pdf
,,Art,,ARPD,finalpdfs/124.pdf
,,Art,,ARPD,finalpdfs/125.pdf
,,Art,,ARPD,finalpdfs/126.pdf
,,Art,,ARPD,finalpdfs/127.pdf
,,Art,,ARPD,finalpdfs/128.pdf
,,Art,,ARPD,finalpdfs/129.pdf
,,Art,,ARPD,finalpdfs/12.pdf
,,Art,,ARPD,finalpdfs/130.pdf
,,Art,,ARPD,finalpdfs/131.pdf
,,Art,,ARPD,finalpdfs/132.pdf
,,Art,,ARPD,finalpdfs/133.pdf
,,Art,,ARPD,finalpdfs/134.pdf
,,Art,,ARPD,finalpdfs/135.pdf
,,Art,,ARPD,finalpdfs/136.pdf
,,Art,,ARPD,finalpdfs/137.pdf
,,Art,,ARPD,finalpdfs/138.pdf
,,Art,,ARPD,finalpdfs/139.pdf
,,Art,,ARPD,finalpdfs/13.pdf
,,Art,,ARPD,finalpdfs/140.pdf
,,Art,,ARPD,finalpdfs/141.pdf
,,Art,,ARPD,finalpdfs/142.pdf
,,Art,,ARPD,finalpdfs/143.pdf
,,Art,,ARPD,finalpdfs/144.pdf
,,Art,,ARPD,finalpdfs/145.pdf
,,Art,,ARPD,finalpdfs/146.pdf
,,Art,,ARPD,finalpdfs/147.pdf
,,Art,,ARPD,finalpdfs/148.pdf
,,Art,,ARPD,finalpdfs/149.pdf
,,Art,,ARPD,finalpdfs/14.pdf
,,Art,,ARPD,finalpdfs/150.pdf
,,Art,,ARPD,finalpdfs/151.pdf
,,Art,,ARPD,finalpdfs/152.pdf
,,Art,,ARPD,finalpdfs/153.pdf
,,Art,,ARPD,finalpdfs/154.pdf
,,Art,,ARPD,finalpdfs/155.pdf
,,Art,,ARPD,finalpdfs/156.pdf
,,Art,,ARPD,finalpdfs/157.pdf
,,Art,,ARPD,finalpdfs/158.pdf
,,Art,,ARPD,finalpdfs/159.pdf
,,Art,,ARPD,finalpdfs/15.pdf
,,Art,,ARPD,finalpdfs/160.pdf
,,Art,,ARPD,finalpdfs/161.pdf
,,Art,,ARPD,finalpdfs/162.pdf
,,Art,,ARPD,finalpdfs/163.pdf
,,Art,,ARPD,finalpdfs/164.pdf
,,Art,,ARPD,finalpdfs/165.pdf
,,Art,,ARPD,finalpdfs/166.pdf
,,Art,,ARPD,finalpdfs/167.pdf
,,Art,,ARPD,finalpdfs/168.pdf
,,Art,,ARPD,finalpdfs/169.pdf
,,Art,,ARPD,finalpdfs/16.pdf
,,Art,,ARPD,finalpdfs/170.pdf
,,Art,,ARPD,finalpdfs/171.pdf
,,Art,,ARPD,finalpdfs/172.pdf
,,Art,,ARPD,finalpdfs/173.pdf
,,Art,,ARPD,finalpdfs/174.pdf
,,Art,,ARPD,finalpdfs/175.pdf
,,Art,,ARPD,finalpdfs/176.pdf
,,Art,,ARPD,finalpdfs/177.pdf
,,Art,,ARPD,finalpdfs/178.pdf
,,Art,,ARPD,finalpdfs/179.pdf
,,Art,,ARPD,finalpdfs/17.pdf
,,Art,,ARPD,finalpdfs/180.pdf
,,Art,,ARPD,finalpdfs/181.pdf
,,Art,,ARPD,finalpdfs/182.pdf
,,Art,,ARPD,finalpdfs/183.pdf
,,Art,,ARPD,finalpdfs/184.pdf
,,Art,,ARPD,finalpdfs/185.pdf
,,Art,,ARPD,finalpdfs/186.pdf
,,Art,,ARPD,finalpdfs/187.pdf
,,Art,,ARPD,finalpdfs/188.pdf
,,Art,,ARPD,finalpdfs/189.pdf
,,Art,,ARPD,finalpdfs/18.pdf
,,Art,,ARPD,finalpdfs/190.pdf
,,Art,,ARPD,finalpdfs/191.pdf
,,Art,,ARPD,finalpdfs/192.pdf
,,Art,,ARPD,finalpdfs/193.pdf
,,Art,,ARPD,finalpdfs/194.pdf
,,Art,,ARPD,finalpdfs/195.pdf
,,Art,,ARPD,finalpdfs/196.pdf
,,Art,,ARPD,finalpdfs/197.pdf
,,Art,,ARPD,finalpdfs/198.pdf
,,Art,,ARPD,finalpdfs/199.pdf
,,Art,,ARPD,finalpdfs/19.pdf
,,Art,,ARPD,finalpdfs/200.pdf
,,Art,,ARPD,finalpdfs/201.pdf
,,Art,,ARPD,finalpdfs/202.pdf
,,Art,,ARPD,finalpdfs/203.pdf
,,Art,,ARPD,finalpdfs/204.pdf
,,Art,,ARPD,finalpdfs/205.pdf
,,Art,,ARPD,finalpdfs/206.pdf
,,Art,,ARPD,finalpdfs/207.pdf
,,Art,,ARPD,finalpdfs/208.pdf
,,Art,,ARPD,finalpdfs/209.pdf
,,Art,,ARPD,finalpdfs/20.pdf
,,Art,,ARPD,finalpdfs/210.pdf
,,Art,,ARPD,finalpdfs/211.pdf
,,Art,,ARPD,finalpdfs/212.pdf
,,Art,,ARPD,finalpdfs/213.pdf
,,Art,,ARPD,finalpdfs/214.pdf
,,Art,,ARPD,finalpdfs/215.pdf
,,Art,,ARPD,finalpdfs/216.pdf
,,Art,,ARPD,finalpdfs/217.pdf
,,Art,,ARPD,finalpdfs/218.pdf
,,Art,,ARPD,finalpdfs/219.pdf
,,Art,,ARPD,finalpdfs/220.pdf
,,Art,,ARPD,finalpdfs/221.pdf
,,Art,,ARPD,finalpdfs/222.pdf
,,Art,,ARPD,finalpdfs/223.pdf
,,Art,,ARPD,finalpdfs/224.pdf
,,Art,,ARPD,finalpdfs/225.pdf
,,Art,,ARPD,finalpdfs/226.pdf
,,Art,,ARPD,finalpdfs/227.pdf
,,Art,,ARPD,finalpdfs/228.pdf
,,Art,,ARPD,finalpdfs/229.pdf
,,Art,,ARPD,finalpdfs/230.pdf
,,Art,,ARPD,finalpdfs/231.pdf
,,Art,,ARPD,finalpdfs/232.pdf
,,Art,,ARPD,finalpdfs/233.pdf
,,Art,,ARPD,finalpdfs/234.pdf
,,Art,,ARPD,finalpdfs/235.pdf
,,Art,,ARPD,finalpdfs/236.pdf
,,Art,,ARPD,finalpdfs/237.pdf
,,Art,,ARPD,finalpdfs/238.pdf
,,Art,,ARPD,finalpdfs/239.pdf
,,Art,,ARPD,finalpdfs/240.pdf
,,Art,,ARPD,finalpdfs/241.pdf
,,Art,,ARPD,finalpdfs/242.pdf
,,Art,,ARPD,finalpdfs/243.pdf
,,Art,,ARPD,finalpdfs/244.pdf
,,Art,,ARPD,finalpdfs/245.pdf
,,Art,,ARPD,finalpdfs/246.pdf
,,Art,,ARPD,finalpdfs/247.pdf
,,Art,,ARPD,finalpdfs/248.pdf
,,Art,,ARPD,finalpdfs/249.pdf
,,Art,,ARPD,finalpdfs/250.pdf
,,Art,,ARPD,finalpdfs/251.pdf
,,Art,,ARPD,finalpdfs/252.pdf
,,Art,,ARPD,finalpdfs/253.pdf
,,Art,,ARPD,finalpdfs/254.pdf
,,Art,,ARPD,finalpdfs/255.pdf
,,Art,,ARPD,finalpdfs/256.pdf
,,Art,,ARPD,finalpdfs/257.pdf
,,Art,,ARPD,finalpdfs/258.pdf
,,Art,,ARPD,finalpdfs/259.pdf
,,Art,,ARPD,finalpdfs/260.pdf
,,Art,,ARPD,finalpdfs/261.pdf
,,Art,,ARPD,finalpdfs/262.pdf
,,Art,,ARPD,finalpdfs/263.pdf
,,Art,,ARPD,finalpdfs/264.pdf
,,Art,,ARPD,finalpdfs/265.pdf
,,Art,,ARPD,finalpdfs/266.pdf
,,Art,,ARPD,finalpdfs/267.pdf
,,Art,,ARPD,finalpdfs/268.pdf
,,Art,,ARPD,finalpdfs/269.pdf
,,Art,,ARPD,finalpdfs/26.pdf
,,Art,,ARPD,finalpdfs/270.pdf
,,Art,,ARPD,finalpdfs/271.pdf
,,Art,,ARPD,finalpdfs/272.pdf
,,Art,,ARPD,finalpdfs/273.pdf
,,Art,,ARPD,finalpdfs/274.pdf
,,Art,,ARPD,finalpdfs/275.pdf
,,Art,,ARPD,finalpdfs/276.pdf
,,Art,,ARPD,finalpdfs/277.pdf
,,Art,,ARPD,finalpdfs/278.pdf
,,Art,,ARPD,finalpdfs/279.pdf
,,Art,,ARPD,finalpdfs/27.pdf
,,Art,,ARPD,finalpdfs/280.pdf
,,Art,,ARPD,finalpdfs/281.pdf
,,Art,,ARPD,finalpdfs/282.pdf
,,Art,,ARPD,finalpdfs/283.pdf
,,Art,,ARPD,finalpdfs/284.pdf
,,Art,,ARPD,finalpdfs/285.pdf
,,Art,,ARPD,finalpdfs/286.pdf
,,Art,,ARPD,finalpdfs/287.pdf
,,Art,,ARPD,finalpdfs/288.pdf
,,Art,,ARPD,finalpdfs/289.pdf
,,Art,,ARPD,finalpdfs/28.pdf
,,Art,,ARPD,finalpdfs/290.pdf
,,Art,,ARPD,finalpdfs/291.pdf
,,Art,,ARPD,finalpdfs/292.pdf
,,Art,,ARPD,finalpdfs/293.pdf
,,Art,,ARPD,finalpdfs/294.pdf
,,Art,,ARPD,finalpdfs/295.pdf
,,Art,,ARPD,finalpdfs/296.pdf
,,Art,,ARPD,finalpdfs/297.pdf
,,Art,,ARPD,finalpdfs/298.pdf
,,Art,,ARPD,finalpdfs/299.pdf
,,Art,,ARPD,finalpdfs/29.pdf
,,Art,,ARPD,finalpdfs/300.pdf
,,Art,,ARPD,finalpdfs/301.pdf
,,Art,,ARPD,finalpdfs/302.pdf
,,Art,,ARPD,finalpdfs/30.pdf
,,Art,,ARPD,finalpdfs/34.pdf
,,Art,,ARPD,finalpdfs/35.pdf
,,Art,,ARPD,finalpdfs/36.pdf
,,Art,,ARPD,finalpdfs/37.pdf
,,Art,,ARPD,finalpdfs/38.pdf
,,Art,,ARPD,finalpdfs/39.pdf
,,Art,,ARPD,finalpdfs/40.pdf
,,Art,,ARPD,finalpdfs/41.pdf
,,Art,,ARPD,finalpdfs/42.pdf
,,Art,,ARPD,finalpdfs/43.pdf
,,Art,,ARPD,finalpdfs/44.pdf
,,Art,,ARPD,finalpdfs/45.pdf
,,Art,,ARPD,finalpdfs/46.pdf
,,Art,,ARPD,finalpdfs/47.pdf
,,Art,,ARPD,finalpdfs/48.pdf
,,Art,,ARPD,finalpdfs/49.pdf
,,Art,,ARPD,finalpdfs/4.pdf
,,Art,,ARPD,finalpdfs/50.pdf
,,Art,,ARPD,finalpdfs/51.pdf
,,Art,,ARPD,finalpdfs/52.pdf
,,Art,,ARPD,finalpdfs/53.pdf
,,Art,,ARPD,finalpdfs/54.pdf
,,Art,,ARPD,finalpdfs/55.pdf
,,Art,,ARPD,finalpdfs/56.pdf
,,Art,,ARPD,finalpdfs/57.pdf
,,Art,,ARPD,finalpdfs/58.pdf
,,Art,,ARPD,finalpdfs/59.pdf
,,Art,,ARPD,finalpdfs/60.pdf
,,Art,,ARPD,finalpdfs/61.pdf
,,Art,,ARPD,finalpdfs/62.pdf
,,Art,,ARPD,finalpdfs/63.pdf
,,Art,,ARPD,finalpdfs/64.pdf
,,Art,,ARPD,finalpdfs/65.pdf
,,Art,,ARPD,finalpdfs/66.pdf
,,Art,,ARPD,finalpdfs/67.pdf
,,Art,,ARPD,finalpdfs/68.pdf
,,Art,,ARPD,finalpdfs/69.pdf
,,Art,,ARPD,finalpdfs/6.pdf
,,Art,,ARPD,finalpdfs/70.pdf
,,Art,,ARPD,finalpdfs/71.pdf
,,Art,,ARPD,finalpdfs/72.pdf
,,Art,,ARPD,finalpdfs/73.pdf
,,Art,,ARPD,finalpdfs/74.pdf
,,Art,,ARPD,finalpdfs/75.pdf
,,Art,,ARPD,finalpdfs/76.pdf
,,Art,,ARPD,finalpdfs/77.pdf
,,Art,,ARPD,finalpdfs/78.pdf
,,Art,,ARPD,finalpdfs/79.pdf
,,Art,,ARPD,finalpdfs/80.pdf
,,Art,,ARPD,finalpdfs/81.pdf
,,Art,,ARPD,finalpdfs/82.pdf
,,Art,,ARPD,finalpdfs/83.pdf
,,Art,,ARPD,finalpdfs/84.pdf
,,Art,,ARPD,finalpdfs/85.pdf
,,Art,,ARPD,finalpdfs/86.pdf
,,Art,,ARPD,finalpdfs/87.pdf
,,Art,,ARPD,finalpdfs/88.pdf
,,Art,,ARPD,finalpdfs/89.pdf
,,Art,,ARPD,finalpdfs/90.pdf
,,Art,,ARPD,finalpdfs/91.pdf
,,Art,,ARPD,finalpdfs/92.pdf
,,Art,,ARPD,finalpdfs/93.pdf
,,Art,,ARPD,finalpdfs/94.pdf
,,Art,,ARPD,finalpdfs/95.pdf
,,Art,,ARPD,finalpdfs/96.pdf
,,Art,,ARPD,finalpdfs/97.pdf
,,Art,,ARPD,finalpdfs/98.pdf
,,Art,,ARPD,finalpdfs/99.pdf
,,Art,,ARPD,finalpdfs/9.pdf
,,Business,,ARPD,finalpdfs/100.pdf
,,Business,,ARPD,finalpdfs/101.pdf
,,Business,,ARPD,finalpdfs/102.pdf
,,Business,,ARPD,finalpdfs/103.pdf
,,Business,,ARPD,finalpdfs/104.pdf
,,Business,,ARPD,finalpdfs/105.pdf
,,Business,,ARPD,finalpdfs/106.pdf
,,Business,,ARPD,finalpdfs/107.pdf
,,Business,,ARPD,finalpdfs/108.pdf
,,Business,,ARPD,finalpdfs/109.pdf
,,Business,,ARPD,finalpdfs/110.pdf
,,Business,,ARPD,finalpdfs/111.pdf
,,Business,,ARPD,finalpdfs/112.pdf
,,Business,,ARPD,finalpdfs/113.pdf
,,Business,,ARPD,finalpdfs/114.pdf
,,Business,,ARPD,finalpdfs/115.pdf
,,Business,,ARPD,finalpdfs/116.pdf
,,Business,,ARPD,finalpdfs/117.pdf
,,Business,,ARPD,finalpdfs/118.pdf
,,Business,,ARPD,finalpdfs/119.pdf
,,Business,,ARPD,finalpdfs/120.pdf
,,Business,,ARPD,finalpdfs/121.pdf
,,Business,,ARPD,finalpdfs/122.pdf
,,Business,,ARPD,finalpdfs/123.pdf
,,Business,,ARPD,finalpdfs/124.pdf
,,Business,,ARPD,finalpdfs/125.pdf
,,Business,,ARPD,finalpdfs/126.pdf
,,Business,,ARPD,finalpdfs/127.pdf
,,Business,,ARPD,finalpdfs/128.pdf
,,Business,,ARPD,finalpdfs/129.pdf
,,Business,,ARPD,finalpdfs/12.pdf
,,Business,,ARPD,finalpdfs/130.pdf
,,Business,,ARPD,finalpdfs/131.pdf
,,Business,,ARPD,finalpdfs/132.pdf
,,Business,,ARPD,finalpdfs/133.pdf
,,Business,,ARPD,finalpdfs/134.pdf
,,Business,,ARPD,finalpdfs/135.pdf
,,Business,,ARPD,finalpdfs/136.pdf
,,Business,,ARPD,finalpdfs/137.pdf
,,Business,,ARPD,finalpdfs/138.pdf
,,Business,,ARPD,finalpdfs/139.pdf
,,Business,,ARPD,finalpdfs/140.pdf
,,Business,,ARPD,finalpdfs/141.pdf
,,Business,,ARPD,finalpdfs/142.pdf
,,Business,,ARPD,finalpdfs/143.pdf
,,Business,,ARPD,finalpdfs/144.pdf
,,Business,,ARPD,finalpdfs/145.pdf
,,Business,,ARPD,finalpdfs/146.pdf
,,Business,,ARPD,finalpdfs/147.pdf
,,Business,,ARPD,finalpdfs/148.pdf
,,Business,,ARPD,finalpdfs/149.pdf
,,Business,,ARPD,finalpdfs/150.pdf
,,Business,,ARPD,finalpdfs/151.pdf
,,Business,,ARPD,finalpdfs/152.pdf
,,Business,,ARPD,finalpdfs/153.pdf
,,Business,,ARPD,finalpdfs/154.pdf
,,Business,,ARPD,finalpdfs/155.pdf
,,Business,,ARPD,finalpdfs/156.pdf
,,Business,,ARPD,finalpdfs/157.pdf
,,Business,,ARPD,finalpdfs/158.pdf
,,Business,,ARPD,finalpdfs/159.pdf
,,Business,,ARPD,finalpdfs/15.pdf
,,Business,,ARPD,finalpdfs/160.pdf
,,Business,,ARPD,finalpdfs/161.pdf
,,Business,,ARPD,finalpdfs/162.pdf
,,Business,,ARPD,finalpdfs/163.pdf
,,Business,,ARPD,finalpdfs/164.pdf
,,Business,,ARPD,finalpdfs/165.pdf
,,Business,,ARPD,finalpdfs/166.pdf
,,Business,,ARPD,finalpdfs/167.pdf
,,Business,,ARPD,finalpdfs/168.pdf
,,Business,,ARPD,finalpdfs/169.pdf
,,Business,,ARPD,finalpdfs/16.pdf
,,Business,,ARPD,finalpdfs/170.pdf
,,Business,,ARPD,finalpdfs/171.pdf
,,Business,,ARPD,finalpdfs/172.pdf
,,Business,,ARPD,finalpdfs/173.pdf
,,Business,,ARPD,finalpdfs/174.pdf
,,Business,,ARPD,finalpdfs/175.pdf
,,Business,,ARPD,finalpdfs/176.pdf
,,Business,,ARPD,finalpdfs/177.pdf
,,Business,,ARPD,finalpdfs/178.pdf
,,Business,,ARPD,finalpdfs/179.pdf
,,Business,,ARPD,finalpdfs/17.pdf
,,Business,,ARPD,finalpdfs/180.pdf
,,Business,,ARPD,finalpdfs/181.pdf
,,Business,,ARPD,finalpdfs/182.pdf
,,Business,,ARPD,finalpdfs/183.pdf
,,Business,,ARPD,finalpdfs/184.pdf
,,Business,,ARPD,finalpdfs/185.pdf
,,Business,,ARPD,finalpdfs/186.pdf
,,Business,,ARPD,finalpdfs/187.pdf
,,Business,,ARPD,finalpdfs/188.pdf
,,Business,,ARPD,finalpdfs/189.pdf
,,Business,,ARPD,finalpdfs/18.pdf
,,Business,,ARPD,finalpdfs/190.pdf
,,Business,,ARPD,finalpdfs/191.pdf
,,Business,,ARPD,finalpdfs/192.pdf
,,Business,,ARPD,finalpdfs/193.pdf
,,Business,,ARPD,finalpdfs/194.pdf
,,Business,,ARPD,finalpdfs/195.pdf
,,Business,,ARPD,finalpdfs/196.pdf
,,Business,,ARPD,finalpdfs/197.pdf
,,Business,,ARPD,finalpdfs/198.pdf
,,Business,,ARPD,finalpdfs/199.pdf
,,Business,,ARPD,finalpdfs/19.pdf
,,Business,,ARPD,finalpdfs/200.pdf
,,Business,,ARPD,finalpdfs/201.pdf
,,Business,,ARPD,finalpdfs/202.pdf
,,Business,,ARPD,finalpdfs/203.pdf
,,Business,,ARPD,finalpdfs/204.pdf
,,Business,,ARPD,finalpdfs/205.pdf
,,Business,,ARPD,finalpdfs/206.pdf
,,Business,,ARPD,finalpdfs/207.pdf
,,Business,,ARPD,finalpdfs/208.pdf
,,Business,,ARPD,finalpdfs/209.pdf
,,Business,,ARPD,finalpdfs/20.pdf
,,Business,,ARPD,finalpdfs/210.pdf
,,Business,,ARPD,finalpdfs/211.pdf
,,Business,,ARPD,finalpdfs/212.pdf
,,Business,,ARPD,finalpdfs/213.pdf
,,Business,,ARPD,finalpdfs/214.pdf
,,Business,,ARPD,finalpdfs/215.pdf
,,Business,,ARPD,finalpdfs/216.pdf
,,Business,,ARPD,finalpdfs/217.pdf
,,Business,,ARPD,finalpdfs/218.pdf
,,Business,,ARPD,finalpdfs/219.pdf
,,Business,,ARPD,finalpdfs/21.pdf
,,Business,,ARPD,finalpdfs/220.pdf
,,Business,,ARPD,finalpdfs/221.pdf
,,Business,,ARPD,finalpdfs/222.pdf
,,Business,,ARPD,finalpdfs/223.pdf
,,Business,,ARPD,finalpdfs/224.pdf
,,Business,,ARPD,finalpdfs/225.pdf
,,Business,,ARPD,finalpdfs/226.pdf
,,Business,,ARPD,finalpdfs/227.pdf
,,Business,,ARPD,finalpdfs/228.pdf
,,Business,,ARPD,finalpdfs/229.pdf
,,Business,,ARPD,finalpdfs/22.pdf
,,Business,,ARPD,finalpdfs/230.pdf
,,Business,,ARPD,finalpdfs/231.pdf
,,Business,,ARPD,finalpdfs/232.pdf
,,Business,,ARPD,finalpdfs/233.pdf
,,Business,,ARPD,finalpdfs/234.pdf
,,Business,,ARPD,finalpdfs/235.pdf
,,Business,,ARPD,finalpdfs/236.pdf
,,Business,,ARPD,finalpdfs/237.pdf
,,Business,,ARPD,finalpdfs/238.pdf
,,Business,,ARPD,finalpdfs/239.pdf
,,Business,,ARPD,finalpdfs/240.pdf
,,Business,,ARPD,finalpdfs/241.pdf
,,Business,,ARPD,finalpdfs/242.pdf
,,Business,,ARPD,finalpdfs/243.pdf
,,Business,,ARPD,finalpdfs/244.pdf
,,Business,,ARPD,finalpdfs/245.pdf
,,Business,,ARPD,finalpdfs/246.pdf
,,Business,,ARPD,finalpdfs/247.pdf
,,Business,,ARPD,finalpdfs/248.pdf
,,Business,,ARPD,finalpdfs/249.pdf
,,Business,,ARPD,finalpdfs/250.pdf
,,Business,,ARPD,finalpdfs/251.pdf
,,Business,,ARPD,finalpdfs/252.pdf
,,Business,,ARPD,finalpdfs/253.pdf
,,Business,,ARPD,finalpdfs/254.pdf
,,Business,,ARPD,finalpdfs/255.pdf
,,Business,,ARPD,finalpdfs/256.pdf
,,Business,,ARPD,finalpdfs/257.pdf
,,Business,,ARPD,finalpdfs/258.pdf
,,Business,,ARPD,finalpdfs/259.pdf
,,Business,,ARPD,finalpdfs/25.pdf
,,Business,,ARPD,finalpdfs/260.pdf
,,Business,,ARPD,finalpdfs/261.pdf
,,Business,,ARPD,finalpdfs/262.pdf
,,Business,,ARPD,finalpdfs/263.pdf
,,Business,,ARPD,finalpdfs/264.pdf
,,Business,,ARPD,finalpdfs/265.pdf
,,Business,,ARPD,finalpdfs/266.pdf
,,Business,,ARPD,finalpdfs/267.pdf
,,Business,,ARPD,finalpdfs/268.pdf
,,Business,,ARPD,finalpdfs/269.pdf
,,Business,,ARPD,finalpdfs/26.pdf
,,Business,,ARPD,finalpdfs/270.pdf
,,Business,,ARPD,finalpdfs/271.pdf
,,Business,,ARPD,finalpdfs/272.pdf
,,Business,,ARPD,finalpdfs/273.pdf
,,Business,,ARPD,finalpdfs/274.pdf
,,Business,,ARPD,finalpdfs/275.pdf
,,Business,,ARPD,finalpdfs/276.pdf
,,Business,,ARPD,finalpdfs/277.pdf
,,Business,,ARPD,finalpdfs/278.pdf
,,Business,,ARPD,finalpdfs/279.pdf
,,Business,,ARPD,finalpdfs/27.pdf
,,Business,,ARPD,finalpdfs/280.pdf
,,Business,,ARPD,finalpdfs/281.pdf
,,Business,,ARPD,finalpdfs/282.pdf
,,Business,,ARPD,finalpdfs/283.pdf
,,Business,,ARPD,finalpdfs/284.pdf
,,Business,,ARPD,finalpdfs/285.pdf
,,Business,,ARPD,finalpdfs/286.pdf
,,Business,,ARPD,finalpdfs/287.pdf
,,Business,,ARPD,finalpdfs/288.pdf
,,Business,,ARPD,finalpdfs/289.pdf
,,Business,,ARPD,finalpdfs/28.pdf
,,Business,,ARPD,finalpdfs/290.pdf
,,Business,,ARPD,finalpdfs/291.pdf
,,Business,,ARPD,finalpdfs/292.pdf
,,Business,,ARPD,finalpdfs/293.pdf
,,Business,,ARPD,finalpdfs/294.pdf
,,Business,,ARPD,finalpdfs/295.pdf
,,Business,,ARPD,finalpdfs/296.pdf
,,Business,,ARPD,finalpdfs/297.pdf
,,Business,,ARPD,finalpdfs/298.pdf
,,Business,,ARPD,finalpdfs/299.pdf
,,Business,,ARPD,finalpdfs/29.pdf
,,Business,,ARPD,finalpdfs/2.pdf
,,Business,,ARPD,finalpdfs/301.pdf
,,Business,,ARPD,finalpdfs/302.pdf
,,Business,,ARPD,finalpdfs/303.pdf
,,Business,,ARPD,finalpdfs/304.pdf
,,Business,,ARPD,finalpdfs/305.pdf
,,Business,,ARPD,finalpdfs/306.pdf
,,Business,,ARPD,finalpdfs/307.pdf
,,Business,,ARPD,finalpdfs/308.pdf
,,Business,,ARPD,finalpdfs/309.pdf
,,Business,,ARPD,finalpdfs/30.pdf
,,Business,,ARPD,finalpdfs/310.pdf
,,Business,,ARPD,finalpdfs/311.pdf
,,Business,,ARPD,finalpdfs/312.pdf
,,Business,,ARPD,finalpdfs/313.pdf
,,Business,,ARPD,finalpdfs/31.pdf
,,Business,,ARPD,finalpdfs/32.pdf
,,Business,,ARPD,finalpdfs/33.pdf
,,Business,,ARPD,finalpdfs/34.pdf
,,Business,,ARPD,finalpdfs/35.pdf
,,Business,,ARPD,finalpdfs/36.pdf
,,Business,,ARPD,finalpdfs/37.pdf
,,Business,,ARPD,finalpdfs/38.pdf
,,Business,,ARPD,finalpdfs/39.pdf
,,Business,,ARPD,finalpdfs/40.pdf
,,Business,,ARPD,finalpdfs/43.pdf
,,Business,,ARPD,finalpdfs/44.pdf
,,Business,,ARPD,finalpdfs/45.pdf
,,Business,,ARPD,finalpdfs/46.pdf
,,Business,,ARPD,finalpdfs/47.pdf
,,Business,,ARPD,finalpdfs/48.pdf
,,Business,,ARPD,finalpdfs/49.pdf
,,Business,,ARPD,finalpdfs/50.pdf
,,Business,,ARPD,finalpdfs/51.pdf
,,Business,,ARPD,finalpdfs/52.pdf
,,Business,,ARPD,finalpdfs/53.pdf
,,Business,,ARPD,finalpdfs/54.pdf
,,Business,,ARPD,finalpdfs/55.pdf
,,Business,,ARPD,finalpdfs/56.pdf
,,Business,,ARPD,finalpdfs/57.pdf
,,Business,,ARPD,finalpdfs/58.pdf
,,Business,,ARPD,finalpdfs/59.pdf
,,Business,,ARPD,finalpdfs/60.pdf
,,Business,,ARPD,finalpdfs/61.pdf
,,Business,,ARPD,finalpdfs/62.pdf
,,Business,,ARPD,finalpdfs/63.pdf
,,Business,,ARPD,finalpdfs/64.pdf
,,Business,,ARPD,finalpdfs/65.pdf
,,Business,,ARPD,finalpdfs/66.pdf
,,Business,,ARPD,finalpdfs/67.pdf
,,Business,,ARPD,finalpdfs/68.pdf
,,Business,,ARPD,finalpdfs/69.pdf
,,Business,,ARPD,finalpdfs/70.pdf
,,Business,,ARPD,finalpdfs/71.pdf
,,Business,,ARPD,finalpdfs/72.pdf
,,Business,,ARPD,finalpdfs/73.pdf
,,Business,,ARPD,finalpdfs/74.pdf
,,Business,,ARPD,finalpdfs/75.pdf
,,Business,,ARPD,finalpdfs/76.pdf
,,Business,,ARPD,finalpdfs/77.pdf
,,Business,,ARPD,finalpdfs/78.pdf
,,Business,,ARPD,finalpdfs/79.pdf
,,Business,,ARPD,finalpdfs/80.pdf
,,Business,,ARPD,finalpdfs/81.pdf
,,Business,,ARPD,finalpdfs/82.pdf
,,Business,,ARPD,finalpdfs/83.pdf
,,Business,,ARPD,finalpdfs/84.pdf
,,Business,,ARPD,finalpdfs/85.pdf
,,Business,,ARPD,finalpdfs/86.pdf
,,Business,,ARPD,finalpdfs/87.pdf
,,Business,,ARPD,finalpdfs/88.pdf
,,Business,,ARPD,finalpdfs/89.pdf
,,Business,,ARPD,finalpdfs/90.pdf
,,Business,,ARPD,finalpdfs/91.pdf
,,Business,,ARPD,finalpdfs/92.pdf
,,Business,,ARPD,finalpdfs/93.pdf
,,Business,,ARPD,finalpdfs/94.pdf
,,Business,,ARPD,finalpdfs/95.pdf
,,Business,,ARPD,finalpdfs/96.pdf
,,Business,,ARPD,finalpdfs/97.pdf
,,Business,,ARPD,finalpdfs/98.pdf
,,Business,,ARPD,finalpdfs/99.pdf
,,Education,,ARPD,finalpdfs/100.pdf
,,Education,,ARPD,finalpdfs/101.pdf
,,Education,,ARPD,finalpdfs/102.pdf
,,Education,,ARPD,finalpdfs/103.pdf
,,Education,,ARPD,finalpdfs/104.pdf
,,Education,,ARPD,finalpdfs/105.pdf
,,Education,,ARPD,finalpdfs/106.pdf
,,Education,,ARPD,finalpdfs/107.pdf
,,Education,,ARPD,finalpdfs/108.pdf
,,Education,,ARPD,finalpdfs/109.pdf
,,Education,,ARPD,finalpdfs/10.pdf
,,Education,,ARPD,finalpdfs/110.pdf
,,Education,,ARPD,finalpdfs/111.pdf
,,Education,,ARPD,finalpdfs/112.pdf
,,Education,,ARPD,finalpdfs/113.pdf
,,Education,,ARPD,finalpdfs/114.pdf
,,Education,,ARPD,finalpdfs/115.pdf
,,Education,,ARPD,finalpdfs/116.pdf
,,Education,,ARPD,finalpdfs/117.pdf
,,Education,,ARPD,finalpdfs/118.pdf
,,Education,,ARPD,finalpdfs/119.pdf
,,Education,,ARPD,finalpdfs/11.pdf
,,Education,,ARPD,finalpdfs/120.pdf
,,Education,,ARPD,finalpdfs/121.pdf
,,Education,,ARPD,finalpdfs/122.pdf
,,Education,,ARPD,finalpdfs/123.pdf
,,Education,,ARPD,finalpdfs/124.pdf
,,Education,,ARPD,finalpdfs/125.pdf
,,Education,,ARPD,finalpdfs/126.pdf
,,Education,,ARPD,finalpdfs/127.pdf
,,Education,,ARPD,finalpdfs/128.pdf
,,Education,,ARPD,finalpdfs/129.pdf
,,Education,,ARPD,finalpdfs/12.pdf
,,Education,,ARPD,finalpdfs/130.pdf
,,Education,,ARPD,finalpdfs/131.pdf
,,Education,,ARPD,finalpdfs/132.pdf
,,Education,,ARPD,finalpdfs/133.pdf
,,Education,,ARPD,finalpdfs/134.pdf
,,Education,,ARPD,finalpdfs/135.pdf
,,Education,,ARPD,finalpdfs/136.pdf
,,Education,,ARPD,finalpdfs/137.pdf
,,Education,,ARPD,finalpdfs/138.pdf
,,Education,,ARPD,finalpdfs/139.pdf
,,Education,,ARPD,finalpdfs/13.pdf
,,Education,,ARPD,finalpdfs/140.pdf
,,Education,,ARPD,finalpdfs/141.pdf
,,Education,,ARPD,finalpdfs/142.pdf
,,Education,,ARPD,finalpdfs/143.pdf
,,Education,,ARPD,finalpdfs/144.pdf
,,Education,,ARPD,finalpdfs/145.pdf
,,Education,,ARPD,finalpdfs/146.pdf
,,Education,,ARPD,finalpdfs/147.pdf
,,Education,,ARPD,finalpdfs/148.pdf
,,Education,,ARPD,finalpdfs/149.pdf
,,Education,,ARPD,finalpdfs/14.pdf
,,Education,,ARPD,finalpdfs/150.pdf
,,Education,,ARPD,finalpdfs/151.pdf
,,Education,,ARPD,finalpdfs/152.pdf
,,Education,,ARPD,finalpdfs/153.pdf
,,Education,,ARPD,finalpdfs/154.pdf
,,Education,,ARPD,finalpdfs/155.pdf
,,Education,,ARPD,finalpdfs/156.pdf
,,Education,,ARPD,finalpdfs/157.pdf
,,Education,,ARPD,finalpdfs/158.pdf
,,Education,,ARPD,finalpdfs/159.pdf
,,Education,,ARPD,finalpdfs/15.pdf
,,Education,,ARPD,finalpdfs/160.pdf
,,Education,,ARPD,finalpdfs/161.pdf
,,Education,,ARPD,finalpdfs/162.pdf
,,Education,,ARPD,finalpdfs/163.pdf
,,Education,,ARPD,finalpdfs/164.pdf
,,Education,,ARPD,finalpdfs/165.pdf
,,Education,,ARPD,finalpdfs/166.pdf
,,Education,,ARPD,finalpdfs/167.pdf
,,Education,,ARPD,finalpdfs/168.pdf
,,Education,,ARPD,finalpdfs/169.pdf
,,Education,,ARPD,finalpdfs/16.pdf
,,Education,,ARPD,finalpdfs/170.pdf
,,Education,,ARPD,finalpdfs/171.pdf
,,Education,,ARPD,finalpdfs/172.pdf
,,Education,,ARPD,finalpdfs/173.pdf
,,Education,,ARPD,finalpdfs/174.pdf
,,Education,,ARPD,finalpdfs/175.pdf
,,Education,,ARPD,finalpdfs/176.pdf
,,Education,,ARPD,finalpdfs/177.pdf
,,Education,,ARPD,finalpdfs/178.pdf
,,Education,,ARPD,finalpdfs/179.pdf
,,Education,,ARPD,finalpdfs/17.pdf
,,Education,,ARPD,finalpdfs/180.pdf
,,Education,,ARPD,finalpdfs/181.pdf
,,Education,,ARPD,finalpdfs/182.pdf
,,Education,,ARPD,finalpdfs/183.pdf
,,Education,,ARPD,finalpdfs/184.pdf
,,Education,,ARPD,finalpdfs/185.pdf
,,Education,,ARPD,finalpdfs/186.pdf
,,Education,,ARPD,finalpdfs/187.pdf
,,Education,,ARPD,finalpdfs/188.pdf
,,Education,,ARPD,finalpdfs/189.pdf
,,Education,,ARPD,finalpdfs/18.pdf
,,Education,,ARPD,finalpdfs/190.pdf
,,Education,,ARPD,finalpdfs/191.pdf
,,Education,,ARPD,finalpdfs/192.pdf
,,Education,,ARPD,finalpdfs/193.pdf
,,Education,,ARPD,finalpdfs/194.pdf
,,Education,,ARPD,finalpdfs/195.pdf
,,Education,,ARPD,finalpdfs/196.pdf
,,Education,,ARPD,finalpdfs/197.pdf
,,Education,,ARPD,finalpdfs/198.pdf
,,Education,,ARPD,finalpdfs/199.pdf
,,Education,,ARPD,finalpdfs/19.pdf
,,Education,,ARPD,finalpdfs/1.pdf
,,Education,,ARPD,finalpdfs/200.pdf
,,Education,,ARPD,finalpdfs/201.pdf
,,Education,,ARPD,finalpdfs/202.pdf
,,Education,,ARPD,finalpdfs/203.pdf
,,Education,,ARPD,finalpdfs/204.pdf
,,Education,,ARPD,finalpdfs/205.pdf
,,Education,,ARPD,finalpdfs/206.pdf
,,Education,,ARPD,finalpdfs/207.pdf
,,Education,,ARPD,finalpdfs/208.pdf
,,Education,,ARPD,finalpdfs/209.pdf
,,Education,,ARPD,finalpdfs/20.pdf
,,Education,,ARPD,finalpdfs/210.pdf
,,Education,,ARPD,finalpdfs/211.pdf
,,Education,,ARPD,finalpdfs/212.pdf
,,Education,,ARPD,finalpdfs/213.pdf
,,Education,,ARPD,finalpdfs/214.pdf
,,Education,,ARPD,finalpdfs/215.pdf
,,Education,,ARPD,finalpdfs/216.pdf
,,Education,,ARPD,finalpdfs/217.pdf
,,Education,,ARPD,finalpdfs/218.pdf
,,Education,,ARPD,finalpdfs/219.pdf
,,Education,,ARPD,finalpdfs/21.pdf
,,Education,,ARPD,finalpdfs/220.pdf
,,Education,,ARPD,finalpdfs/221.pdf
,,Education,,ARPD,finalpdfs/222.pdf
,,Education,,ARPD,finalpdfs/223.pdf
,,Education,,ARPD,finalpdfs/224.pdf
,,Education,,ARPD,finalpdfs/225.pdf
,,Education,,ARPD,finalpdfs/226.pdf
,,Education,,ARPD,finalpdfs/227.pdf
,,Education,,ARPD,finalpdfs/228.pdf
,,Education,,ARPD,finalpdfs/229.pdf
,,Education,,ARPD,finalpdfs/22.pdf
,,Education,,ARPD,finalpdfs/230.pdf
,,Education,,ARPD,finalpdfs/231.pdf
,,Education,,ARPD,finalpdfs/232.pdf
,,Education,,ARPD,finalpdfs/233.pdf
,,Education,,ARPD,finalpdfs/234.pdf
,,Education,,ARPD,finalpdfs/235.pdf
,,Education,,ARPD,finalpdfs/236.pdf
,,Education,,ARPD,finalpdfs/237.pdf
,,Education,,ARPD,finalpdfs/238.pdf
,,Education,,ARPD,finalpdfs/239.pdf
,,Education,,ARPD,finalpdfs/23.pdf
,,Education,,ARPD,finalpdfs/240.pdf
,,Education,,ARPD,finalpdfs/241.pdf
,,Education,,ARPD,finalpdfs/242.pdf
,,Education,,ARPD,finalpdfs/243.pdf
,,Education,,ARPD,finalpdfs/244.pdf
,,Education,,ARPD,finalpdfs/245.pdf
,,Education,,ARPD,finalpdfs/246.pdf
,,Education,,ARPD,finalpdfs/247.pdf
,,Education,,ARPD,finalpdfs/248.pdf
,,Education,,ARPD,finalpdfs/249.pdf
,,Education,,ARPD,finalpdfs/24.pdf
,,Education,,ARPD,finalpdfs/250.pdf
,,Education,,ARPD,finalpdfs/251.pdf
,,Education,,ARPD,finalpdfs/252.pdf
,,Education,,ARPD,finalpdfs/253.pdf
,,Education,,ARPD,finalpdfs/254.pdf
,,Education,,ARPD,finalpdfs/255.pdf
,,Education,,ARPD,finalpdfs/256.pdf
,,Education,,ARPD,finalpdfs/257.pdf
,,Education,,ARPD,finalpdfs/258.pdf
,,Education,,ARPD,finalpdfs/259.pdf
,,Education,,ARPD,finalpdfs/25.pdf
,,Education,,ARPD,finalpdfs/260.pdf
,,Education,,ARPD,finalpdfs/261.pdf
,,Education,,ARPD,finalpdfs/262.pdf
,,Education,,ARPD,finalpdfs/263.pdf
,,Education,,ARPD,finalpdfs/264.pdf
,,Education,,ARPD,finalpdfs/265.pdf
,,Education,,ARPD,finalpdfs/266.pdf
,,Education,,ARPD,finalpdfs/267.pdf
,,Education,,ARPD,finalpdfs/268.pdf
,,Education,,ARPD,finalpdfs/269.pdf
,,Education,,ARPD,finalpdfs/26.pdf
,,Education,,ARPD,finalpdfs/270.pdf
,,Education,,ARPD,finalpdfs/271.pdf
,,Education,,ARPD,finalpdfs/272.pdf
,,Education,,ARPD,finalpdfs/273.pdf
,,Education,,ARPD,finalpdfs/274.pdf
,,Education,,ARPD,finalpdfs/275.pdf
,,Education,,ARPD,finalpdfs/276.pdf
,,Education,,ARPD,finalpdfs/277.pdf
,,Education,,ARPD,finalpdfs/278.pdf
,,Education,,ARPD,finalpdfs/279.pdf
,,Education,,ARPD,finalpdfs/27.pdf
,,Education,,ARPD,finalpdfs/280.pdf
,,Education,,ARPD,finalpdfs/281.pdf
,,Education,,ARPD,finalpdfs/282.pdf
,,Education,,ARPD,finalpdfs/283.pdf
,,Education,,ARPD,finalpdfs/284.pdf
,,Education,,ARPD,finalpdfs/285.pdf
,,Education,,ARPD,finalpdfs/286.pdf
,,Education,,ARPD,finalpdfs/287.pdf
,,Education,,ARPD,finalpdfs/288.pdf
,,Education,,ARPD,finalpdfs/289.pdf
,,Education,,ARPD,finalpdfs/28.pdf
,,Education,,ARPD,finalpdfs/290.pdf
,,Education,,ARPD,finalpdfs/291.pdf
,,Education,,ARPD,finalpdfs/292.pdf
,,Education,,ARPD,finalpdfs/293.pdf
,,Education,,ARPD,finalpdfs/294.pdf
,,Education,,ARPD,finalpdfs/295.pdf
,,Education,,ARPD,finalpdfs/296.pdf
,,Education,,ARPD,finalpdfs/297.pdf
,,Education,,ARPD,finalpdfs/298.pdf
,,Education,,ARPD,finalpdfs/299.pdf
,,Education,,ARPD,finalpdfs/29.pdf
,,Education,,ARPD,finalpdfs/2.pdf
,,Education,,ARPD,finalpdfs/300.pdf
,,Education,,ARPD,finalpdfs/301.pdf
,,Education,,ARPD,finalpdfs/30.pdf
,,Education,,ARPD,finalpdfs/31.pdf
,,Education,,ARPD,finalpdfs/32.pdf
,,Education,,ARPD,finalpdfs/33.pdf
,,Education,,ARPD,finalpdfs/34.pdf
,,Education,,ARPD,finalpdfs/35.pdf
,,Education,,ARPD,finalpdfs/36.pdf
,,Education,,ARPD,finalpdfs/37.pdf
,,Education,,ARPD,finalpdfs/38.pdf
,,Education,,ARPD,finalpdfs/39.pdf
,,Education,,ARPD,finalpdfs/3.pdf
,,Education,,ARPD,finalpdfs/40.pdf
,,Education,,ARPD,finalpdfs/41.pdf
,,Education,,ARPD,finalpdfs/42.pdf
,,Education,,ARPD,finalpdfs/43.pdf
,,Education,,ARPD,finalpdfs/44.pdf
,,Education,,ARPD,finalpdfs/45.pdf
,,Education,,ARPD,finalpdfs/46.pdf
,,Education,,ARPD,finalpdfs/47.pdf
,,Education,,ARPD,finalpdfs/48.pdf
,,Education,,ARPD,finalpdfs/49.pdf
,,Education,,ARPD,finalpdfs/4.pdf
,,Education,,ARPD,finalpdfs/50.pdf
,,Education,,ARPD,finalpdfs/51.pdf
,,Education,,ARPD,finalpdfs/52.pdf
,,Education,,ARPD,finalpdfs/53.pdf
,,Education,,ARPD,finalpdfs/54.pdf
,,Education,,ARPD,finalpdfs/55.pdf
,,Education,,ARPD,finalpdfs/56.pdf
,,Education,,ARPD,finalpdfs/57.pdf
,,Education,,ARPD,finalpdfs/58.pdf
,,Education,,ARPD,finalpdfs/59.pdf
,,Education,,ARPD,finalpdfs/5.pdf
,,Education,,ARPD,finalpdfs/60.pdf
,,Education,,ARPD,finalpdfs/61.pdf
,,Education,,ARPD,finalpdfs/62.pdf
,,Education,,ARPD,finalpdfs/63.pdf
,,Education,,ARPD,finalpdfs/64.pdf
,,Education,,ARPD,finalpdfs/65.pdf
,,Education,,ARPD,finalpdfs/66.pdf
,,Education,,ARPD,finalpdfs/67.pdf
,,Education,,ARPD,finalpdfs/68.pdf
,,Education,,ARPD,finalpdfs/69.pdf
,,Education,,ARPD,finalpdfs/6.pdf
,,Education,,ARPD,finalpdfs/70.pdf
,,Education,,ARPD,finalpdfs/71.pdf
,,Education,,ARPD,finalpdfs/72.pdf
,,Education,,ARPD,finalpdfs/73.pdf
,,Education,,ARPD,finalpdfs/74.pdf
,,Education,,ARPD,finalpdfs/75.pdf
,,Education,,ARPD,finalpdfs/76.pdf
,,Education,,ARPD,finalpdfs/77.pdf
,,Education,,ARPD,finalpdfs/78.pdf
,,Education,,ARPD,finalpdfs/79.pdf
,,Education,,ARPD,finalpdfs/7.pdf
,,Education,,ARPD,finalpdfs/80.pdf
,,Education,,ARPD,finalpdfs/81.pdf
,,Education,,ARPD,finalpdfs/82.pdf
,,Education,,ARPD,finalpdfs/83.pdf
,,Education,,ARPD,finalpdfs/84.pdf
,,Education,,ARPD,finalpdfs/85.pdf
,,Education,,ARPD,finalpdfs/86.pdf
,,Education,,ARPD,finalpdfs/87.pdf
,,Education,,ARPD,finalpdfs/88.pdf
,,Education,,ARPD,finalpdfs/89.pdf
,,Education,,ARPD,finalpdfs/8.pdf
,,Education,,ARPD,finalpdfs/90.pdf
,,Education,,ARPD,finalpdfs/91.pdf
,,Education,,ARPD,finalpdfs/92.pdf
,,Education,,ARPD,finalpdfs/93.pdf
,,Education,,ARPD,finalpdfs/94.pdf
,,Education,,ARPD,finalpdfs/95.pdf
,,Education,,ARPD,finalpdfs/96.pdf
,,Education,,ARPD,finalpdfs/97.pdf
,,Education,,ARPD,finalpdfs/98.pdf
,,Education,,ARPD,finalpdfs/99.pdf
,,Education,,ARPD,finalpdfs/9.pdf
